OA,ts0440001,ts0440002,ts0440003,ts0440004,ts0440005,ts0440006,ts0440007,ts0440008,ts0440009,ts0440002_PCT,ts0440003_PCT,ts0440004_PCT,ts0440005_PCT,ts0440006_PCT,ts0440007_PCT,ts0440008_PCT,ts0440009_PCT
W00003354,165,152,11,0,0,1,0,0,1,92.12121212121212,6.666666666666667,0,0,0.6060606060606061,0,0,0.6060606060606061
W00003355,153,143,7,2,0,0,0,1,0,93.4640522875817,4.57516339869281,1.3071895424836601,0,0,0,0.6535947712418301,0
W00003356,114,81,18,1,1,6,6,1,0,71.05263157894737,15.789473684210526,0.8771929824561403,0.8771929824561403,5.263157894736842,5.263157894736842,0.8771929824561403,0
W00003357,122,101,11,9,0,0,1,0,0,82.78688524590164,9.01639344262295,7.377049180327869,0,0,0.819672131147541,0,0
W00003358,111,16,49,44,1,0,0,0,1,14.414414414414415,44.14414414414414,39.63963963963964,0.9009009009009009,0,0,0,0.9009009009009009
W00003359,138,126,11,0,0,0,0,1,0,91.30434782608695,7.971014492753622,0,0,0,0,0.7246376811594203,0
W00003360,160,134,17,5,1,1,2,0,0,83.75,10.625,3.125,0.625,0.625,1.25,0,0
W00003361,146,9,84,19,29,4,0,1,0,6.164383561643835,57.534246575342465,13.013698630136986,19.863013698630137,2.73972602739726,0,0.684931506849315,0
W00003362,128,7,25,24,56,9,3,3,1,5.46875,19.53125,18.75,43.75,7.03125,2.34375,2.34375,0.78125
W00003363,96,8,59,8,18,3,0,0,0,8.333333333333332,61.458333333333336,8.333333333333332,18.75,3.125,0,0,0
W00003364,124,27,77,20,0,0,0,0,0,21.774193548387096,62.096774193548384,16.129032258064516,0,0,0,0,0
W00003365,113,32,76,4,1,0,0,0,0,28.31858407079646,67.2566371681416,3.5398230088495577,0.8849557522123894,0,0,0,0
W00003366,130,33,68,29,0,0,0,0,0,25.384615384615383,52.307692307692314,22.30769230769231,0,0,0,0,0
W00003367,129,17,80,11,14,6,1,0,0,13.178294573643413,62.01550387596899,8.527131782945736,10.852713178294573,4.651162790697675,0.7751937984496124,0,0
W00003368,136,8,48,10,28,9,2,31,0,5.88235294117647,35.294117647058826,7.352941176470589,20.588235294117645,6.61764705882353,1.4705882352941175,22.794117647058822,0
W00003369,120,11,61,26,13,3,1,5,0,9.166666666666666,50.83333333333333,21.666666666666668,10.833333333333334,2.5,0.8333333333333334,4.166666666666666,0
W00003370,129,19,70,35,0,4,1,0,0,14.728682170542637,54.263565891472865,27.131782945736433,0,3.10077519379845,0.7751937984496124,0,0
W00003372,157,115,38,3,0,1,0,0,0,73.24840764331209,24.203821656050955,1.910828025477707,0,0.6369426751592357,0,0,0
W00003373,83,65,14,2,2,0,0,0,0,78.3132530120482,16.867469879518072,2.4096385542168677,2.4096385542168677,0,0,0,0
W00003374,117,3,93,4,16,1,0,0,0,2.564102564102564,79.48717948717949,3.418803418803419,13.675213675213676,0.8547008547008548,0,0,0
W00003375,143,58,56,22,3,3,0,1,0,40.55944055944056,39.16083916083916,15.384615384615385,2.097902097902098,2.097902097902098,0,0.6993006993006993,0
W00003376,128,36,44,23,20,3,1,1,0,28.125,34.375,17.96875,15.625,2.34375,0.78125,0.78125,0
W00003377,117,4,30,74,4,4,0,1,0,3.418803418803419,25.64102564102564,63.24786324786324,3.418803418803419,3.418803418803419,0,0.8547008547008548,0
W00003378,133,7,110,15,0,0,0,0,1,5.263157894736842,82.70676691729322,11.278195488721805,0,0,0,0,0.7518796992481203
W00003379,118,6,82,29,0,0,0,0,1,5.084745762711865,69.49152542372882,24.576271186440678,0,0,0,0,0.847457627118644
W00003380,143,6,15,90,29,1,0,2,0,4.195804195804196,10.48951048951049,62.93706293706294,20.27972027972028,0.6993006993006993,0,1.3986013986013985,0
W00003381,97,1,5,34,56,0,1,0,0,1.0309278350515463,5.154639175257731,35.051546391752574,57.73195876288659,0,1.0309278350515463,0,0
W00003382,128,13,56,50,6,2,0,1,0,10.15625,43.75,39.0625,4.6875,1.5625,0,0.78125,0
W00003383,108,33,66,9,0,0,0,0,0,30.555555555555557,61.111111111111114,8.333333333333332,0,0,0,0,0
W00003384,144,63,54,26,1,0,0,0,0,43.75,37.5,18.055555555555554,0.6944444444444444,0,0,0,0
W00003385,135,3,14,116,1,1,0,0,0,2.2222222222222223,10.37037037037037,85.92592592592592,0.7407407407407408,0.7407407407407408,0,0,0
W00003386,117,3,105,5,4,0,0,0,0,2.564102564102564,89.74358974358975,4.273504273504273,3.418803418803419,0,0,0,0
W00003387,142,16,33,87,4,1,0,1,0,11.267605633802818,23.239436619718308,61.267605633802816,2.8169014084507045,0.7042253521126761,0,0.7042253521126761,0
W00003388,118,5,27,66,20,0,0,0,0,4.23728813559322,22.88135593220339,55.932203389830505,16.94915254237288,0,0,0,0
W00003389,129,6,59,64,0,0,0,0,0,4.651162790697675,45.73643410852713,49.6124031007752,0,0,0,0,0
W00003390,115,7,17,89,2,0,0,0,0,6.086956521739131,14.782608695652174,77.39130434782608,1.7391304347826086,0,0,0,0
W00003391,124,25,23,62,14,0,0,0,0,20.161290322580644,18.548387096774192,50,11.29032258064516,0,0,0,0
W00003392,137,22,42,59,11,0,3,0,0,16.05839416058394,30.656934306569344,43.06569343065693,8.02919708029197,0,2.18978102189781,0,0
W00003393,134,13,18,98,0,3,1,1,0,9.701492537313433,13.432835820895523,73.13432835820896,0,2.2388059701492535,0.7462686567164178,0.7462686567164178,0
W00003394,114,0,6,104,1,2,0,0,1,0,5.263157894736842,91.22807017543859,0.8771929824561403,1.7543859649122806,0,0,0.8771929824561403
W00003395,126,4,18,102,0,2,0,0,0,3.1746031746031744,14.285714285714285,80.95238095238095,0,1.5873015873015872,0,0,0
W00003396,148,32,75,32,3,1,0,1,4,21.62162162162162,50.67567567567568,21.62162162162162,2.027027027027027,0.6756756756756757,0,0.6756756756756757,2.7027027027027026
W00003397,128,5,28,91,2,2,0,0,0,3.90625,21.875,71.09375,1.5625,1.5625,0,0,0
W00003398,130,1,10,114,2,2,0,0,1,0.7692307692307693,7.6923076923076925,87.6923076923077,1.5384615384615385,1.5384615384615385,0,0,0.7692307692307693
W00003399,118,29,59,27,1,1,0,0,1,24.576271186440678,50,22.88135593220339,0.847457627118644,0.847457627118644,0,0,0.847457627118644
W00003400,133,23,79,30,1,0,0,0,0,17.293233082706767,59.3984962406015,22.55639097744361,0.7518796992481203,0,0,0,0
W00003401,136,11,41,57,25,2,0,0,0,8.088235294117647,30.14705882352941,41.911764705882355,18.38235294117647,1.4705882352941175,0,0,0
W00003402,125,9,65,48,0,3,0,0,0,7.199999999999999,52,38.4,0,2.4,0,0,0
W00003403,138,11,23,78,22,4,0,0,0,7.971014492753622,16.666666666666664,56.52173913043478,15.942028985507244,2.898550724637681,0,0,0
W00003404,113,85,17,11,0,0,0,0,0,75.22123893805309,15.04424778761062,9.734513274336283,0,0,0,0,0
W00003405,176,3,30,69,37,8,9,20,0,1.7045454545454544,17.045454545454543,39.20454545454545,21.022727272727273,4.545454545454546,5.113636363636364,11.363636363636363,0
W00003406,138,17,30,50,21,1,2,10,7,12.318840579710146,21.73913043478261,36.231884057971016,15.217391304347828,0.7246376811594203,1.4492753623188406,7.246376811594203,5.072463768115942
W00003407,131,28,28,49,24,0,0,2,0,21.374045801526716,21.374045801526716,37.404580152671755,18.3206106870229,0,0,1.5267175572519083,0
W00003408,94,11,40,42,1,0,0,0,0,11.702127659574469,42.5531914893617,44.680851063829785,1.0638297872340425,0,0,0,0
W00003409,135,76,32,27,0,0,0,0,0,56.2962962962963,23.703703703703706,20,0,0,0,0,0
W00003410,114,25,77,10,1,1,0,0,0,21.929824561403507,67.54385964912281,8.771929824561402,0.8771929824561403,0.8771929824561403,0,0,0
W00003411,116,76,35,3,1,0,0,1,0,65.51724137931035,30.17241379310345,2.586206896551724,0.8620689655172413,0,0,0.8620689655172413,0
W00003412,148,61,82,4,1,0,0,0,0,41.21621621621622,55.4054054054054,2.7027027027027026,0.6756756756756757,0,0,0,0
W00003413,125,0,82,42,0,0,0,1,0,0,65.60000000000001,33.6,0,0,0,0.8,0
W00003414,115,45,53,14,0,0,0,0,3,39.130434782608695,46.08695652173913,12.173913043478262,0,0,0,0,2.608695652173913
W00003415,142,33,33,70,3,0,1,2,0,23.239436619718308,23.239436619718308,49.29577464788733,2.112676056338028,0,0.7042253521126761,1.4084507042253522,0
W00003416,130,52,33,45,0,0,0,0,0,40,25.384615384615383,34.61538461538461,0,0,0,0,0
W00003418,123,8,113,2,0,0,0,0,0,6.504065040650407,91.869918699187,1.6260162601626018,0,0,0,0,0
W00003419,130,25,79,1,25,0,0,0,0,19.230769230769234,60.76923076923077,0.7692307692307693,19.230769230769234,0,0,0,0
W00003422,127,13,101,13,0,0,0,0,0,10.236220472440944,79.52755905511812,10.236220472440944,0,0,0,0,0
W00003423,232,174,34,24,0,0,0,0,0,75,14.655172413793101,10.344827586206897,0,0,0,0,0
W00003424,92,85,7,0,0,0,0,0,0,92.3913043478261,7.608695652173914,0,0,0,0,0,0
W00003425,141,113,28,0,0,0,0,0,0,80.1418439716312,19.858156028368796,0,0,0,0,0,0
W00003426,137,48,47,27,13,2,0,0,0,35.03649635036496,34.306569343065696,19.708029197080293,9.48905109489051,1.4598540145985401,0,0,0
W00003427,131,53,63,15,0,0,0,0,0,40.458015267175576,48.091603053435115,11.450381679389313,0,0,0,0,0
W00003428,117,4,43,27,40,1,0,2,0,3.418803418803419,36.75213675213676,23.076923076923077,34.18803418803419,0.8547008547008548,0,1.7094017094017095,0
W00003429,112,6,43,63,0,0,0,0,0,5.357142857142857,38.392857142857146,56.25,0,0,0,0,0
W00003430,111,43,51,11,6,0,0,0,0,38.73873873873874,45.94594594594595,9.90990990990991,5.405405405405405,0,0,0,0
W00003431,124,2,82,38,0,0,1,1,0,1.6129032258064515,66.12903225806451,30.64516129032258,0,0,0.8064516129032258,0.8064516129032258,0
W00003432,143,20,67,32,20,3,0,1,0,13.986013986013987,46.85314685314685,22.377622377622377,13.986013986013987,2.097902097902098,0,0.6993006993006993,0
W00003433,133,10,66,46,3,3,5,0,0,7.518796992481203,49.62406015037594,34.58646616541353,2.2556390977443606,2.2556390977443606,3.7593984962406015,0,0
W00003434,122,1,57,23,34,6,0,0,1,0.819672131147541,46.72131147540984,18.852459016393443,27.86885245901639,4.918032786885246,0,0,0.819672131147541
W00003435,132,23,57,15,31,5,1,0,0,17.424242424242426,43.18181818181818,11.363636363636363,23.484848484848484,3.787878787878788,0.7575757575757576,0,0
W00003436,130,36,62,15,10,6,1,0,0,27.692307692307693,47.69230769230769,11.538461538461538,7.6923076923076925,4.615384615384616,0.7692307692307693,0,0
W00003437,154,4,42,57,44,5,2,0,0,2.5974025974025974,27.27272727272727,37.01298701298701,28.57142857142857,3.2467532467532463,1.2987012987012987,0,0
W00003438,139,7,9,100,5,16,1,1,0,5.0359712230215825,6.474820143884892,71.94244604316546,3.5971223021582732,11.510791366906476,0.7194244604316548,0.7194244604316548,0
W00003439,126,4,29,57,29,7,0,0,0,3.1746031746031744,23.015873015873016,45.23809523809524,23.015873015873016,5.555555555555555,0,0,0
W00003440,145,90,53,2,0,0,0,0,0,62.06896551724138,36.55172413793103,1.3793103448275863,0,0,0,0,0
W00003441,161,71,66,7,12,4,1,0,0,44.099378881987576,40.993788819875775,4.3478260869565215,7.453416149068323,2.484472049689441,0.6211180124223602,0,0
W00003442,117,70,25,10,3,7,2,0,0,59.82905982905983,21.367521367521366,8.547008547008547,2.564102564102564,5.982905982905983,1.7094017094017095,0,0
W00003443,182,94,19,3,61,2,0,3,0,51.64835164835166,10.43956043956044,1.6483516483516485,33.51648351648351,1.098901098901099,0,1.6483516483516485,0
W00003444,142,41,32,66,2,0,1,0,0,28.87323943661972,22.535211267605636,46.478873239436616,1.4084507042253522,0,0.7042253521126761,0,0
W00003445,135,2,18,94,7,10,3,1,0,1.4814814814814816,13.333333333333334,69.62962962962963,5.185185185185185,7.4074074074074066,2.2222222222222223,0.7407407407407408,0
W00003446,144,9,19,74,11,15,11,5,0,6.25,13.194444444444445,51.388888888888886,7.638888888888889,10.416666666666668,7.638888888888889,3.4722222222222223,0
W00003447,149,2,8,21,91,16,2,8,1,1.342281879194631,5.369127516778524,14.093959731543624,61.07382550335571,10.738255033557047,1.342281879194631,5.369127516778524,0.6711409395973155
W00003448,137,6,5,29,81,5,1,10,0,4.37956204379562,3.64963503649635,21.16788321167883,59.12408759124088,3.64963503649635,0.7299270072992701,7.2992700729927,0
W00003449,137,2,7,48,38,17,3,22,0,1.4598540145985401,5.109489051094891,35.03649635036496,27.73722627737226,12.408759124087592,2.18978102189781,16.05839416058394,0
W00003450,197,6,17,16,98,20,6,33,1,3.0456852791878175,8.629441624365482,8.121827411167512,49.746192893401016,10.152284263959391,3.0456852791878175,16.751269035532996,0.5076142131979695
W00003451,166,12,22,53,31,30,3,15,0,7.228915662650602,13.253012048192772,31.92771084337349,18.67469879518072,18.072289156626507,1.8072289156626504,9.036144578313253,0
W00003452,100,66,17,13,1,3,0,0,0,66,17,13,1,3,0,0,0
W00003453,105,94,8,3,0,0,0,0,0,89.52380952380953,7.6190476190476195,2.857142857142857,0,0,0,0,0
W00003454,132,25,107,0,0,0,0,0,0,18.939393939393938,81.06060606060606,0,0,0,0,0,0
W00003455,134,43,37,44,9,1,0,0,0,32.08955223880597,27.611940298507463,32.83582089552239,6.7164179104477615,0.7462686567164178,0,0,0
W00003456,118,11,73,30,1,3,0,0,0,9.322033898305085,61.86440677966102,25.423728813559322,0.847457627118644,2.5423728813559325,0,0,0
W00003457,206,64,50,84,4,1,2,1,0,31.06796116504854,24.271844660194176,40.77669902912621,1.9417475728155338,0.48543689320388345,0.9708737864077669,0.48543689320388345,0
W00003458,230,135,74,19,0,1,0,1,0,58.69565217391305,32.17391304347826,8.26086956521739,0,0.43478260869565216,0,0.43478260869565216,0
W00003459,168,80,71,17,0,0,0,0,0,47.61904761904761,42.26190476190476,10.119047619047619,0,0,0,0,0
W00003460,132,62,48,20,0,2,0,0,0,46.96969696969697,36.36363636363637,15.151515151515152,0,1.5151515151515151,0,0,0
W00003463,128,19,101,6,0,1,1,0,0,14.84375,78.90625,4.6875,0,0.78125,0.78125,0,0
W00003464,131,15,41,26,46,2,1,0,0,11.450381679389313,31.297709923664126,19.84732824427481,35.11450381679389,1.5267175572519083,0.7633587786259541,0,0
W00003465,152,13,24,100,9,4,1,1,0,8.552631578947368,15.789473684210526,65.78947368421053,5.921052631578947,2.631578947368421,0.6578947368421052,0.6578947368421052,0
W00003466,128,7,8,56,37,8,11,1,0,5.46875,6.25,43.75,28.90625,6.25,8.59375,0.78125,0
W00003467,128,16,63,47,0,2,0,0,0,12.5,49.21875,36.71875,0,1.5625,0,0,0
W00003468,144,17,21,58,33,15,0,0,0,11.805555555555555,14.583333333333334,40.27777777777778,22.916666666666664,10.416666666666668,0,0,0
W00003469,116,7,46,53,3,7,0,0,0,6.0344827586206895,39.6551724137931,45.689655172413794,2.586206896551724,6.0344827586206895,0,0,0
W00003470,123,105,16,0,0,0,1,0,1,85.36585365853658,13.008130081300814,0,0,0,0.8130081300813009,0,0.8130081300813009
W00003471,93,65,15,0,4,0,1,2,6,69.89247311827957,16.129032258064516,0,4.301075268817205,0,1.0752688172043012,2.1505376344086025,6.451612903225806
W00003472,103,79,18,4,0,0,0,0,2,76.69902912621359,17.475728155339805,3.8834951456310676,0,0,0,0,1.9417475728155338
W00003473,128,99,19,6,0,0,0,0,4,77.34375,14.84375,4.6875,0,0,0,0,3.125
W00003474,130,30,59,24,15,1,0,1,0,23.076923076923077,45.38461538461539,18.461538461538463,11.538461538461538,0.7692307692307693,0,0.7692307692307693,0
W00003475,143,117,8,17,0,0,0,0,1,81.81818181818183,5.594405594405594,11.888111888111888,0,0,0,0,0.6993006993006993
W00003476,234,56,43,51,44,6,4,29,1,23.931623931623932,18.37606837606838,21.794871794871796,18.803418803418804,2.564102564102564,1.7094017094017095,12.393162393162394,0.4273504273504274
W00003477,106,96,8,1,0,0,0,0,1,90.56603773584906,7.547169811320755,0.9433962264150944,0,0,0,0,0.9433962264150944
W00003478,91,64,16,10,0,0,0,1,0,70.32967032967034,17.582417582417584,10.989010989010989,0,0,0,1.098901098901099,0
W00003479,96,62,21,2,11,0,0,0,0,64.58333333333334,21.875,2.083333333333333,11.458333333333332,0,0,0,0
W00003480,114,110,2,0,2,0,0,0,0,96.49122807017544,1.7543859649122806,0,1.7543859649122806,0,0,0,0
W00003481,91,84,4,0,0,1,1,0,1,92.3076923076923,4.395604395604396,0,0,1.098901098901099,1.098901098901099,0,1.098901098901099
W00003482,128,81,30,9,5,1,0,2,0,63.28125,23.4375,7.03125,3.90625,0.78125,0,1.5625,0
W00003483,128,118,7,2,0,0,0,1,0,92.1875,5.46875,1.5625,0,0,0,0.78125,0
W00003484,110,73,23,9,0,4,1,0,0,66.36363636363637,20.909090909090907,8.181818181818182,0,3.6363636363636362,0.9090909090909091,0,0
W00003485,140,126,11,0,1,0,0,0,2,90,7.857142857142857,0,0.7142857142857143,0,0,0,1.4285714285714286
W00003486,137,120,9,5,0,0,0,1,2,87.59124087591242,6.569343065693431,3.64963503649635,0,0,0,0.7299270072992701,1.4598540145985401
W00003487,129,67,33,23,3,2,1,0,0,51.93798449612403,25.581395348837212,17.829457364341085,2.3255813953488373,1.550387596899225,0.7751937984496124,0,0
W00003488,135,98,23,12,1,1,0,0,0,72.5925925925926,17.037037037037038,8.88888888888889,0.7407407407407408,0.7407407407407408,0,0,0
W00003489,153,132,17,2,0,0,0,1,1,86.27450980392157,11.11111111111111,1.3071895424836601,0,0,0,0.6535947712418301,0.6535947712418301
W00003490,135,116,10,5,1,0,0,0,3,85.92592592592592,7.4074074074074066,3.7037037037037033,0.7407407407407408,0,0,0,2.2222222222222223
W00003491,142,97,16,25,0,0,1,3,0,68.30985915492957,11.267605633802818,17.6056338028169,0,0,0.7042253521126761,2.112676056338028,0
W00003492,128,111,12,4,0,0,1,0,0,86.71875,9.375,3.125,0,0,0.78125,0,0
W00003493,140,130,8,1,1,0,0,0,0,92.85714285714286,5.714285714285714,0.7142857142857143,0.7142857142857143,0,0,0,0
W00003494,133,103,16,11,0,0,0,2,1,77.44360902255639,12.030075187969924,8.270676691729323,0,0,0,1.5037593984962405,0.7518796992481203
W00003495,198,134,30,27,3,0,1,0,3,67.67676767676768,15.151515151515152,13.636363636363635,1.5151515151515151,0,0.5050505050505051,0,1.5151515151515151
W00003496,102,77,20,1,0,2,0,0,2,75.49019607843137,19.607843137254903,0.9803921568627451,0,1.9607843137254901,0,0,1.9607843137254901
W00003497,154,25,43,85,1,0,0,0,0,16.233766233766232,27.92207792207792,55.1948051948052,0.6493506493506493,0,0,0,0
W00003498,116,9,18,64,24,1,0,0,0,7.758620689655173,15.517241379310345,55.172413793103445,20.689655172413794,0.8620689655172413,0,0,0
W00003499,156,16,95,40,1,4,0,0,0,10.256410256410255,60.89743589743589,25.64102564102564,0.641025641025641,2.564102564102564,0,0,0
W00003500,118,6,110,0,1,0,0,0,1,5.084745762711865,93.22033898305084,0,0.847457627118644,0,0,0,0.847457627118644
W00003501,117,9,89,14,1,3,1,0,0,7.6923076923076925,76.06837606837607,11.965811965811966,0.8547008547008548,2.564102564102564,0.8547008547008548,0,0
W00003502,128,62,37,28,0,0,0,1,0,48.4375,28.90625,21.875,0,0,0,0.78125,0
W00003503,131,12,116,3,0,0,0,0,0,9.16030534351145,88.54961832061069,2.2900763358778624,0,0,0,0,0
W00003504,134,24,76,34,0,0,0,0,0,17.91044776119403,56.71641791044776,25.37313432835821,0,0,0,0,0
W00003505,117,12,87,18,0,0,0,0,0,10.256410256410255,74.35897435897436,15.384615384615385,0,0,0,0,0
W00003506,110,18,60,16,15,0,0,0,1,16.363636363636363,54.54545454545454,14.545454545454545,13.636363636363635,0,0,0,0.9090909090909091
W00003507,126,16,110,0,0,0,0,0,0,12.698412698412698,87.3015873015873,0,0,0,0,0,0
W00003508,113,4,13,93,1,1,0,1,0,3.5398230088495577,11.504424778761061,82.30088495575221,0.8849557522123894,0.8849557522123894,0,0.8849557522123894,0
W00003509,125,36,49,36,4,0,0,0,0,28.799999999999997,39.2,28.799999999999997,3.2,0,0,0,0
W00003510,147,29,30,42,16,21,5,4,0,19.727891156462583,20.408163265306122,28.57142857142857,10.884353741496598,14.285714285714285,3.4013605442176873,2.7210884353741496,0
W00003511,126,22,57,34,5,7,0,1,0,17.46031746031746,45.23809523809524,26.984126984126984,3.968253968253968,5.555555555555555,0,0.7936507936507936,0
W00003512,159,8,9,55,45,6,14,22,0,5.031446540880504,5.660377358490567,34.59119496855346,28.30188679245283,3.7735849056603774,8.80503144654088,13.836477987421384,0
W00003513,107,1,8,88,0,9,1,0,0,0.9345794392523363,7.476635514018691,82.2429906542056,0,8.411214953271028,0.9345794392523363,0,0
W00003514,147,7,29,97,6,2,6,0,0,4.761904761904762,19.727891156462583,65.98639455782312,4.081632653061225,1.3605442176870748,4.081632653061225,0,0
W00003515,110,0,5,102,0,2,0,1,0,0,4.545454545454546,92.72727272727272,0,1.8181818181818181,0,0.9090909090909091,0
W00003516,112,2,21,80,1,5,2,1,0,1.7857142857142856,18.75,71.42857142857143,0.8928571428571428,4.464285714285714,1.7857142857142856,0.8928571428571428,0
W00003517,138,35,83,19,0,1,0,0,0,25.36231884057971,60.14492753623188,13.768115942028986,0,0.7246376811594203,0,0,0
W00003518,114,6,94,13,1,0,0,0,0,5.263157894736842,82.45614035087719,11.403508771929824,0.8771929824561403,0,0,0,0
W00003519,97,4,21,32,39,1,0,0,0,4.123711340206185,21.649484536082475,32.98969072164948,40.20618556701031,1.0309278350515463,0,0,0
W00003520,113,6,85,21,0,0,1,0,0,5.3097345132743365,75.22123893805309,18.58407079646018,0,0,0.8849557522123894,0,0
W00003521,125,7,28,83,1,5,1,0,0,5.6000000000000005,22.400000000000002,66.4,0.8,4,0.8,0,0
W00003522,105,8,52,45,0,0,0,0,0,7.6190476190476195,49.523809523809526,42.857142857142854,0,0,0,0,0
W00003523,110,11,51,48,0,0,0,0,0,10,46.36363636363636,43.63636363636363,0,0,0,0,0
W00003524,116,22,21,67,3,1,1,1,0,18.96551724137931,18.103448275862068,57.758620689655174,2.586206896551724,0.8620689655172413,0.8620689655172413,0.8620689655172413,0
W00003525,128,45,76,5,0,0,0,0,2,35.15625,59.375,3.90625,0,0,0,0,1.5625
W00003526,142,34,51,46,7,2,1,1,0,23.943661971830984,35.91549295774648,32.3943661971831,4.929577464788732,1.4084507042253522,0.7042253521126761,0.7042253521126761,0
W00003527,128,32,49,22,18,5,0,2,0,25,38.28125,17.1875,14.0625,3.90625,0,1.5625,0
W00003528,172,83,65,15,6,3,0,0,0,48.25581395348838,37.7906976744186,8.720930232558139,3.488372093023256,1.744186046511628,0,0,0
W00003529,149,45,60,35,2,6,0,1,0,30.201342281879196,40.26845637583892,23.48993288590604,1.342281879194631,4.026845637583892,0,0.6711409395973155,0
W00003530,129,46,70,12,1,0,0,0,0,35.65891472868217,54.263565891472865,9.30232558139535,0.7751937984496124,0,0,0,0
W00003533,148,17,58,40,13,15,2,3,0,11.486486486486488,39.189189189189186,27.027027027027028,8.783783783783784,10.135135135135135,1.3513513513513513,2.027027027027027,0
W00003534,138,28,39,45,24,2,0,0,0,20.28985507246377,28.26086956521739,32.608695652173914,17.391304347826086,1.4492753623188406,0,0,0
W00003535,142,43,56,15,12,3,1,0,12,30.28169014084507,39.436619718309856,10.56338028169014,8.450704225352112,2.112676056338028,0.7042253521126761,0,8.450704225352112
W00003536,134,34,63,35,1,1,0,0,0,25.37313432835821,47.01492537313433,26.119402985074625,0.7462686567164178,0.7462686567164178,0,0,0
W00003537,149,53,57,31,6,1,0,1,0,35.57046979865772,38.25503355704698,20.80536912751678,4.026845637583892,0.6711409395973155,0,0.6711409395973155,0
W00003538,140,68,54,12,5,0,0,0,1,48.57142857142857,38.57142857142858,8.571428571428571,3.571428571428571,0,0,0,0.7142857142857143
W00003539,148,99,44,3,1,0,0,0,1,66.8918918918919,29.72972972972973,2.027027027027027,0.6756756756756757,0,0,0,0.6756756756756757
W00003540,101,14,69,8,9,1,0,0,0,13.861386138613863,68.31683168316832,7.920792079207921,8.91089108910891,0.9900990099009901,0,0,0
W00003542,157,8,16,117,9,5,1,1,0,5.095541401273886,10.191082802547772,74.52229299363057,5.7324840764331215,3.1847133757961785,0.6369426751592357,0.6369426751592357,0
W00003543,124,0,17,89,11,5,2,0,0,0,13.709677419354838,71.7741935483871,8.870967741935484,4.032258064516129,1.6129032258064515,0,0
W00003544,125,5,7,112,0,0,0,1,0,4,5.6000000000000005,89.60000000000001,0,0,0,0.8,0
W00003545,101,4,21,54,18,4,0,0,0,3.9603960396039604,20.792079207920793,53.46534653465347,17.82178217821782,3.9603960396039604,0,0,0
W00003546,126,5,9,109,1,1,0,1,0,3.968253968253968,7.142857142857142,86.5079365079365,0.7936507936507936,0.7936507936507936,0,0.7936507936507936,0
W00003547,129,9,18,99,2,0,0,1,0,6.976744186046512,13.953488372093023,76.74418604651163,1.550387596899225,0,0,0.7751937984496124,0
W00003548,116,5,38,25,43,5,0,0,0,4.310344827586207,32.758620689655174,21.551724137931032,37.06896551724138,4.310344827586207,0,0,0
W00003549,117,5,50,53,8,1,0,0,0,4.273504273504273,42.73504273504273,45.2991452991453,6.837606837606838,0.8547008547008548,0,0,0
W00003550,126,9,7,97,8,5,0,0,0,7.142857142857142,5.555555555555555,76.98412698412699,6.349206349206349,3.968253968253968,0,0,0
W00003552,124,8,73,43,0,0,0,0,0,6.451612903225806,58.87096774193549,34.67741935483871,0,0,0,0,0
W00003553,124,14,23,86,1,0,0,0,0,11.29032258064516,18.548387096774192,69.35483870967742,0.8064516129032258,0,0,0,0
W00003554,120,6,11,96,3,3,0,0,1,5,9.166666666666666,80,2.5,2.5,0,0,0.8333333333333334
W00003555,120,4,11,72,26,6,1,0,0,3.3333333333333335,9.166666666666666,60,21.666666666666668,5,0.8333333333333334,0,0
W00003556,110,4,8,83,8,6,1,0,0,3.6363636363636362,7.2727272727272725,75.45454545454545,7.2727272727272725,5.454545454545454,0.9090909090909091,0,0
W00003557,118,44,46,26,1,0,0,1,0,37.28813559322034,38.983050847457626,22.033898305084744,0.847457627118644,0,0,0.847457627118644,0
W00003558,96,5,23,14,49,3,1,0,1,5.208333333333334,23.958333333333336,14.583333333333334,51.041666666666664,3.125,1.0416666666666665,0,1.0416666666666665
W00003559,129,89,28,12,0,0,0,0,0,68.9922480620155,21.705426356589147,9.30232558139535,0,0,0,0,0
W00003560,136,41,75,20,0,0,0,0,0,30.14705882352941,55.14705882352941,14.705882352941178,0,0,0,0,0
W00003561,142,57,72,8,5,0,0,0,0,40.140845070422536,50.70422535211267,5.633802816901409,3.5211267605633805,0,0,0,0
W00003562,106,81,14,7,0,0,0,0,4,76.41509433962264,13.20754716981132,6.60377358490566,0,0,0,0,3.7735849056603774
W00003563,136,102,28,6,0,0,0,0,0,75,20.588235294117645,4.411764705882353,0,0,0,0,0
W00003564,153,6,94,34,15,3,0,0,1,3.9215686274509802,61.43790849673203,22.22222222222222,9.803921568627452,1.9607843137254901,0,0,0.6535947712418301
W00003565,140,20,49,66,2,0,0,3,0,14.285714285714285,35,47.14285714285714,1.4285714285714286,0,0,2.142857142857143,0
W00003566,103,64,35,4,0,0,0,0,0,62.13592233009708,33.980582524271846,3.8834951456310676,0,0,0,0,0
W00003567,209,130,69,10,0,0,0,0,0,62.20095693779905,33.014354066985646,4.784688995215311,0,0,0,0,0
W00003568,197,46,110,39,0,2,0,0,0,23.3502538071066,55.83756345177665,19.796954314720814,0,1.015228426395939,0,0,0
W00003569,186,129,39,17,0,0,0,1,0,69.35483870967742,20.967741935483872,9.13978494623656,0,0,0,0.5376344086021506,0
W00003571,140,86,43,8,0,3,0,0,0,61.42857142857143,30.714285714285715,5.714285714285714,0,2.142857142857143,0,0,0
W00003572,112,11,63,34,3,0,0,0,1,9.821428571428571,56.25,30.357142857142854,2.6785714285714284,0,0,0,0.8928571428571428
W00003573,248,139,90,16,3,0,0,0,0,56.048387096774185,36.29032258064516,6.451612903225806,1.2096774193548387,0,0,0,0
W00003574,192,115,72,5,0,0,0,0,0,59.895833333333336,37.5,2.604166666666667,0,0,0,0,0
W00003575,138,93,32,4,6,1,1,0,1,67.3913043478261,23.18840579710145,2.898550724637681,4.3478260869565215,0.7246376811594203,0.7246376811594203,0,0.7246376811594203
W00003576,136,99,35,0,1,0,0,0,1,72.79411764705883,25.735294117647058,0,0.7352941176470588,0,0,0,0.7352941176470588
W00003577,179,25,129,25,0,0,0,0,0,13.966480446927374,72.06703910614524,13.966480446927374,0,0,0,0,0
W00003578,122,87,26,8,1,0,0,0,0,71.31147540983606,21.311475409836063,6.557377049180328,0.819672131147541,0,0,0,0
W00003579,123,41,70,12,0,0,0,0,0,33.33333333333333,56.91056910569105,9.75609756097561,0,0,0,0,0
W00003580,121,14,57,29,18,1,0,2,0,11.570247933884298,47.107438016528924,23.96694214876033,14.87603305785124,0.8264462809917356,0,1.6528925619834711,0
W00003581,208,36,108,52,12,0,0,0,0,17.307692307692307,51.92307692307693,25,5.769230769230769,0,0,0,0
W00003582,144,54,87,2,0,1,0,0,0,37.5,60.416666666666664,1.3888888888888888,0,0.6944444444444444,0,0,0
W00003583,91,56,35,0,0,0,0,0,0,61.53846153846154,38.46153846153847,0,0,0,0,0,0
W00003584,112,106,5,1,0,0,0,0,0,94.64285714285714,4.464285714285714,0.8928571428571428,0,0,0,0,0
W00003585,127,20,34,66,4,1,0,2,0,15.748031496062993,26.77165354330709,51.96850393700787,3.149606299212598,0.7874015748031495,0,1.574803149606299,0
W00003586,141,108,32,1,0,0,0,0,0,76.59574468085107,22.69503546099291,0.7092198581560284,0,0,0,0,0
W00003587,156,95,35,24,0,2,0,0,0,60.89743589743589,22.435897435897438,15.384615384615385,0,1.282051282051282,0,0,0
W00003588,148,65,68,15,0,0,0,0,0,43.91891891891892,45.94594594594595,10.135135135135135,0,0,0,0,0
W00003589,117,46,57,12,1,0,0,1,0,39.31623931623932,48.717948717948715,10.256410256410255,0.8547008547008548,0,0,0.8547008547008548,0
W00003590,132,73,46,13,0,0,0,0,0,55.3030303030303,34.84848484848485,9.848484848484848,0,0,0,0,0
W00003591,114,38,29,31,15,0,0,1,0,33.33333333333333,25.438596491228072,27.192982456140353,13.157894736842104,0,0,0.8771929824561403,0
W00003592,131,30,71,24,5,0,0,0,1,22.900763358778626,54.19847328244275,18.3206106870229,3.816793893129771,0,0,0,0.7633587786259541
W00003594,172,61,102,8,1,0,0,0,0,35.46511627906977,59.30232558139535,4.651162790697675,0.5813953488372093,0,0,0,0
W00003595,112,13,38,58,0,3,0,0,0,11.607142857142858,33.92857142857143,51.78571428571429,0,2.6785714285714284,0,0,0
W00003596,125,31,62,32,0,0,0,0,0,24.8,49.6,25.6,0,0,0,0,0
W00003597,112,39,59,14,0,0,0,0,0,34.82142857142857,52.67857142857143,12.5,0,0,0,0,0
W00003598,121,53,54,14,0,0,0,0,0,43.80165289256198,44.62809917355372,11.570247933884298,0,0,0,0,0
W00003599,144,3,141,0,0,0,0,0,0,2.083333333333333,97.91666666666666,0,0,0,0,0,0
W00003600,112,42,38,25,3,2,0,1,1,37.5,33.92857142857143,22.321428571428573,2.6785714285714284,1.7857142857142856,0,0.8928571428571428,0.8928571428571428
W00003601,119,59,13,45,0,0,2,0,0,49.57983193277311,10.92436974789916,37.81512605042017,0,0,1.680672268907563,0,0
W00003602,183,100,27,54,0,0,1,1,0,54.644808743169406,14.754098360655737,29.508196721311474,0,0,0.546448087431694,0.546448087431694,0
W00003603,116,11,52,53,0,0,0,0,0,9.482758620689655,44.827586206896555,45.689655172413794,0,0,0,0,0
W00003604,111,19,26,59,1,3,1,2,0,17.117117117117118,23.423423423423422,53.153153153153156,0.9009009009009009,2.7027027027027026,0.9009009009009009,1.8018018018018018,0
W00003605,129,14,42,63,2,4,1,3,0,10.852713178294573,32.55813953488372,48.837209302325576,1.550387596899225,3.10077519379845,0.7751937984496124,2.3255813953488373,0
W00003606,128,21,31,49,27,0,0,0,0,16.40625,24.21875,38.28125,21.09375,0,0,0,0
W00003607,130,84,41,5,0,0,0,0,0,64.61538461538461,31.538461538461537,3.8461538461538463,0,0,0,0,0
W00003608,240,132,61,45,1,1,0,0,0,55.00000000000001,25.416666666666664,18.75,0.4166666666666667,0.4166666666666667,0,0,0
W00003609,109,24,37,48,0,0,0,0,0,22.018348623853214,33.94495412844037,44.03669724770643,0,0,0,0,0
W00003610,124,21,27,64,7,0,0,5,0,16.93548387096774,21.774193548387096,51.61290322580645,5.64516129032258,0,0,4.032258064516129,0
W00003611,189,91,77,20,0,0,0,1,0,48.148148148148145,40.74074074074074,10.582010582010582,0,0,0,0.5291005291005291,0
W00003612,145,95,20,26,2,2,0,0,0,65.51724137931035,13.793103448275861,17.93103448275862,1.3793103448275863,1.3793103448275863,0,0,0
W00003613,172,142,20,1,1,0,1,2,5,82.55813953488372,11.627906976744185,0.5813953488372093,0.5813953488372093,0,0.5813953488372093,1.1627906976744187,2.9069767441860463
W00003614,88,21,27,38,0,0,0,2,0,23.863636363636363,30.681818181818183,43.18181818181818,0,0,0,2.272727272727273,0
W00003615,89,25,22,36,2,3,0,1,0,28.08988764044944,24.719101123595504,40.44943820224719,2.247191011235955,3.3707865168539324,0,1.1235955056179776,0
W00003616,79,16,18,30,4,3,1,3,4,20.253164556962027,22.78481012658228,37.9746835443038,5.063291139240507,3.79746835443038,1.2658227848101267,3.79746835443038,5.063291139240507
W00003617,83,16,42,9,15,0,0,1,0,19.27710843373494,50.602409638554214,10.843373493975903,18.072289156626507,0,0,1.2048192771084338,0
W00003618,173,141,23,3,2,1,1,1,1,81.5028901734104,13.294797687861271,1.7341040462427744,1.1560693641618496,0.5780346820809248,0.5780346820809248,0.5780346820809248,0.5780346820809248
W00003619,132,115,12,4,0,0,1,0,0,87.12121212121212,9.090909090909092,3.0303030303030303,0,0,0.7575757575757576,0,0
W00003620,103,5,83,14,1,0,0,0,0,4.854368932038835,80.58252427184466,13.592233009708737,0.9708737864077669,0,0,0,0
W00003621,102,35,65,0,1,0,1,0,0,34.31372549019608,63.725490196078425,0,0.9803921568627451,0,0.9803921568627451,0,0
W00003622,51,40,8,3,0,0,0,0,0,78.43137254901961,15.686274509803921,5.88235294117647,0,0,0,0,0
W00003623,76,32,28,1,6,3,4,1,1,42.10526315789473,36.84210526315789,1.3157894736842104,7.894736842105263,3.9473684210526314,5.263157894736842,1.3157894736842104,1.3157894736842104
W00003624,155,135,15,3,0,0,0,0,2,87.09677419354838,9.67741935483871,1.935483870967742,0,0,0,0,1.2903225806451613
W00003625,163,135,20,4,1,0,0,0,3,82.82208588957054,12.269938650306749,2.4539877300613497,0.6134969325153374,0,0,0,1.8404907975460123
W00003626,147,121,14,3,1,0,0,0,8,82.31292517006803,9.523809523809524,2.0408163265306123,0.6802721088435374,0,0,0,5.442176870748299
W00003627,142,123,9,0,1,2,4,0,3,86.61971830985915,6.338028169014084,0,0.7042253521126761,1.4084507042253522,2.8169014084507045,0,2.112676056338028
W00003628,128,86,22,11,5,1,2,0,1,67.1875,17.1875,8.59375,3.90625,0.78125,1.5625,0,0.78125
W00003629,117,107,10,0,0,0,0,0,0,91.45299145299145,8.547008547008547,0,0,0,0,0,0
W00003630,166,155,7,1,0,3,0,0,0,93.37349397590361,4.216867469879518,0.6024096385542169,0,1.8072289156626504,0,0,0
W00003631,158,116,37,3,0,0,0,2,0,73.41772151898735,23.417721518987342,1.89873417721519,0,0,0,1.2658227848101267,0
W00003632,166,113,38,8,2,1,0,4,0,68.07228915662651,22.89156626506024,4.819277108433735,1.2048192771084338,0.6024096385542169,0,2.4096385542168677,0
W00003633,121,38,74,4,0,1,0,0,4,31.40495867768595,61.15702479338842,3.3057851239669422,0,0.8264462809917356,0,0,3.3057851239669422
W00003634,118,109,7,1,0,0,1,0,0,92.37288135593221,5.932203389830509,0.847457627118644,0,0,0.847457627118644,0,0
W00003635,127,93,26,7,0,0,0,0,1,73.22834645669292,20.47244094488189,5.511811023622047,0,0,0,0,0.7874015748031495
W00003636,101,30,21,41,5,1,0,2,1,29.7029702970297,20.792079207920793,40.5940594059406,4.9504950495049505,0.9900990099009901,0,1.9801980198019802,0.9900990099009901
W00003637,118,44,55,13,3,1,1,0,1,37.28813559322034,46.61016949152542,11.016949152542372,2.5423728813559325,0.847457627118644,0.847457627118644,0,0.847457627118644
W00003638,140,116,20,4,0,0,0,0,0,82.85714285714286,14.285714285714285,2.857142857142857,0,0,0,0,0
W00003639,121,103,11,4,0,1,1,1,0,85.12396694214877,9.090909090909092,3.3057851239669422,0,0.8264462809917356,0.8264462809917356,0.8264462809917356,0
W00003640,170,110,52,5,0,1,1,1,0,64.70588235294117,30.58823529411765,2.941176470588235,0,0.5882352941176471,0.5882352941176471,0.5882352941176471,0
W00003641,116,16,84,12,3,1,0,0,0,13.793103448275861,72.41379310344827,10.344827586206897,2.586206896551724,0.8620689655172413,0,0,0
W00003642,124,11,72,21,12,3,0,0,5,8.870967741935484,58.06451612903226,16.93548387096774,9.67741935483871,2.4193548387096775,0,0,4.032258064516129
W00003643,116,15,18,60,20,3,0,0,0,12.931034482758621,15.517241379310345,51.724137931034484,17.24137931034483,2.586206896551724,0,0,0
W00003644,130,13,30,71,10,0,1,5,0,10,23.076923076923077,54.61538461538461,7.6923076923076925,0,0.7692307692307693,3.8461538461538463,0
W00003645,118,36,30,31,6,10,1,4,0,30.508474576271187,25.423728813559322,26.27118644067797,5.084745762711865,8.47457627118644,0.847457627118644,3.389830508474576,0
W00003646,121,14,13,47,9,8,12,18,0,11.570247933884298,10.743801652892563,38.84297520661157,7.43801652892562,6.6115702479338845,9.917355371900827,14.87603305785124,0
W00003647,121,100,15,6,0,0,0,0,0,82.64462809917356,12.396694214876034,4.958677685950414,0,0,0,0,0
W00003648,105,44,19,34,2,2,0,3,1,41.904761904761905,18.095238095238095,32.38095238095238,1.9047619047619049,1.9047619047619049,0,2.857142857142857,0.9523809523809524
W00003649,109,4,75,10,19,0,0,1,0,3.669724770642202,68.80733944954129,9.174311926605505,17.431192660550458,0,0,0.9174311926605505,0
W00003650,114,12,35,63,2,2,0,0,0,10.526315789473683,30.701754385964914,55.26315789473685,1.7543859649122806,1.7543859649122806,0,0,0
W00003651,95,11,13,41,3,6,2,17,2,11.578947368421053,13.684210526315791,43.15789473684211,3.1578947368421053,6.315789473684211,2.1052631578947367,17.894736842105264,2.1052631578947367
W00003652,110,18,65,26,0,0,0,0,1,16.363636363636363,59.09090909090909,23.636363636363637,0,0,0,0,0.9090909090909091
W00003653,109,15,28,64,0,0,0,2,0,13.761467889908257,25.688073394495415,58.71559633027523,0,0,0,1.834862385321101,0
W00003654,123,27,73,16,6,1,0,0,0,21.951219512195124,59.34959349593496,13.008130081300814,4.878048780487805,0.8130081300813009,0,0,0
W00003655,113,106,6,1,0,0,0,0,0,93.80530973451327,5.3097345132743365,0.8849557522123894,0,0,0,0,0
W00003656,119,90,21,8,0,0,0,0,0,75.63025210084034,17.647058823529413,6.722689075630252,0,0,0,0,0
W00003657,141,67,71,0,0,3,0,0,0,47.5177304964539,50.35460992907801,0,0,2.127659574468085,0,0,0
W00003658,165,85,58,18,0,0,0,4,0,51.515151515151516,35.15151515151515,10.909090909090908,0,0,0,2.4242424242424243,0
W00003659,121,7,92,2,18,1,1,0,0,5.785123966942149,76.03305785123968,1.6528925619834711,14.87603305785124,0.8264462809917356,0.8264462809917356,0,0
W00003660,116,104,8,3,0,0,0,0,1,89.65517241379311,6.896551724137931,2.586206896551724,0,0,0,0,0.8620689655172413
W00003661,125,83,41,0,0,0,0,1,0,66.4,32.800000000000004,0,0,0,0,0.8,0
W00003662,120,95,20,5,0,0,0,0,0,79.16666666666666,16.666666666666664,4.166666666666666,0,0,0,0,0
W00003664,91,65,19,6,0,1,0,0,0,71.42857142857143,20.87912087912088,6.593406593406594,0,1.098901098901099,0,0,0
W00003665,169,104,54,9,2,0,0,0,0,61.53846153846154,31.952662721893493,5.325443786982249,1.183431952662722,0,0,0,0
W00003666,132,26,49,36,11,3,0,7,0,19.696969696969695,37.121212121212125,27.27272727272727,8.333333333333332,2.272727272727273,0,5.303030303030303,0
W00003667,129,28,90,8,1,2,0,0,0,21.705426356589147,69.76744186046511,6.2015503875969,0.7751937984496124,1.550387596899225,0,0,0
W00003668,122,11,83,6,22,0,0,0,0,9.01639344262295,68.0327868852459,4.918032786885246,18.0327868852459,0,0,0,0
W00003669,137,14,70,25,27,1,0,0,0,10.218978102189782,51.09489051094891,18.248175182481752,19.708029197080293,0.7299270072992701,0,0,0
W00003670,145,92,35,9,6,1,2,0,0,63.44827586206897,24.137931034482758,6.206896551724138,4.137931034482759,0.6896551724137931,1.3793103448275863,0,0
W00003671,219,191,18,7,0,1,0,2,0,87.21461187214612,8.21917808219178,3.1963470319634704,0,0.45662100456621,0,0.91324200913242,0
W00003672,107,70,21,4,9,2,1,0,0,65.42056074766354,19.626168224299064,3.7383177570093453,8.411214953271028,1.8691588785046727,0.9345794392523363,0,0
W00003673,66,62,1,0,0,0,1,0,2,93.93939393939394,1.5151515151515151,0,0,0,1.5151515151515151,0,3.0303030303030303
W00003674,88,67,14,1,0,1,0,2,3,76.13636363636364,15.909090909090908,1.1363636363636365,0,1.1363636363636365,0,2.272727272727273,3.4090909090909087
W00003675,104,55,39,10,0,0,0,0,0,52.88461538461539,37.5,9.615384615384617,0,0,0,0,0
W00003676,112,90,16,2,0,0,1,1,2,80.35714285714286,14.285714285714285,1.7857142857142856,0,0,0.8928571428571428,0.8928571428571428,1.7857142857142856
W00003677,111,85,18,3,0,0,1,0,4,76.57657657657657,16.216216216216218,2.7027027027027026,0,0,0.9009009009009009,0,3.6036036036036037
W00003678,106,80,4,0,0,0,1,0,21,75.47169811320755,3.7735849056603774,0,0,0,0.9433962264150944,0,19.81132075471698
W00003679,140,103,26,2,6,0,1,0,2,73.57142857142858,18.571428571428573,1.4285714285714286,4.285714285714286,0,0.7142857142857143,0,1.4285714285714286
W00003680,127,62,42,23,0,0,0,0,0,48.818897637795274,33.07086614173229,18.11023622047244,0,0,0,0,0
W00003681,144,110,30,1,1,0,0,0,2,76.38888888888889,20.833333333333336,0.6944444444444444,0.6944444444444444,0,0,0,1.3888888888888888
W00003682,139,116,3,0,0,0,0,0,20,83.45323741007195,2.158273381294964,0,0,0,0,0,14.388489208633093
W00003683,114,100,11,0,0,0,1,1,1,87.71929824561403,9.649122807017543,0,0,0,0.8771929824561403,0.8771929824561403,0.8771929824561403
W00003684,101,68,19,7,3,1,3,0,0,67.32673267326733,18.81188118811881,6.9306930693069315,2.9702970297029703,0.9900990099009901,2.9702970297029703,0,0
W00003685,187,65,98,19,1,0,0,4,0,34.75935828877005,52.406417112299465,10.16042780748663,0.53475935828877,0,0,2.13903743315508,0
W00003686,141,100,34,7,0,0,0,0,0,70.92198581560284,24.113475177304963,4.964539007092199,0,0,0,0,0
W00003687,137,69,43,16,6,1,2,0,0,50.36496350364964,31.386861313868614,11.678832116788321,4.37956204379562,0.7299270072992701,1.4598540145985401,0,0
W00003688,113,79,33,0,0,0,0,1,0,69.91150442477876,29.20353982300885,0,0,0,0,0.8849557522123894,0
W00003689,109,76,16,12,0,3,2,0,0,69.72477064220183,14.678899082568808,11.009174311926607,0,2.7522935779816518,1.834862385321101,0,0
W00003690,136,63,48,17,7,1,0,0,0,46.32352941176471,35.294117647058826,12.5,5.147058823529411,0.7352941176470588,0,0,0
W00003691,104,82,22,0,0,0,0,0,0,78.84615384615384,21.153846153846153,0,0,0,0,0,0
W00003692,158,134,13,5,1,2,1,0,2,84.81012658227847,8.227848101265822,3.1645569620253164,0.6329113924050633,1.2658227848101267,0.6329113924050633,0,1.2658227848101267
W00003693,132,91,33,7,0,0,1,0,0,68.93939393939394,25,5.303030303030303,0,0,0.7575757575757576,0,0
W00003694,102,87,9,4,0,0,0,0,2,85.29411764705883,8.823529411764707,3.9215686274509802,0,0,0,0,1.9607843137254901
W00003695,171,119,25,21,0,2,1,1,2,69.5906432748538,14.619883040935672,12.280701754385964,0,1.1695906432748537,0.5847953216374269,0.5847953216374269,1.1695906432748537
W00003696,119,29,71,12,7,0,0,0,0,24.369747899159663,59.66386554621849,10.084033613445378,5.88235294117647,0,0,0,0
W00003697,145,115,26,4,0,0,0,0,0,79.3103448275862,17.93103448275862,2.7586206896551726,0,0,0,0,0
W00003698,133,122,9,1,0,0,0,1,0,91.72932330827066,6.7669172932330826,0.7518796992481203,0,0,0,0.7518796992481203,0
W00003699,146,118,15,11,0,1,1,0,0,80.82191780821918,10.273972602739725,7.534246575342466,0,0.684931506849315,0.684931506849315,0,0
W00003700,152,104,34,13,1,0,0,0,0,68.42105263157895,22.36842105263158,8.552631578947368,0.6578947368421052,0,0,0,0
W00003701,147,136,9,0,0,2,0,0,0,92.51700680272108,6.122448979591836,0,0,1.3605442176870748,0,0,0
W00003702,169,36,89,38,3,0,0,3,0,21.301775147928996,52.662721893491124,22.485207100591715,1.7751479289940828,0,0,1.7751479289940828,0
W00003703,140,42,87,11,0,0,0,0,0,30,62.142857142857146,7.857142857142857,0,0,0,0,0
W00003704,130,62,47,16,2,0,0,3,0,47.69230769230769,36.15384615384615,12.307692307692308,1.5384615384615385,0,0,2.307692307692308,0
W00003705,135,101,26,7,0,0,0,1,0,74.81481481481481,19.25925925925926,5.185185185185185,0,0,0,0.7407407407407408,0
W00003706,149,119,24,6,0,0,0,0,0,79.86577181208054,16.10738255033557,4.026845637583892,0,0,0,0,0
W00003707,114,68,35,6,3,0,0,2,0,59.64912280701754,30.701754385964914,5.263157894736842,2.631578947368421,0,0,1.7543859649122806,0
W00003708,159,129,10,13,0,1,0,0,6,81.13207547169812,6.289308176100629,8.176100628930817,0,0.628930817610063,0,0,3.7735849056603774
W00003709,147,131,7,4,0,2,0,2,1,89.1156462585034,4.761904761904762,2.7210884353741496,0,1.3605442176870748,0,1.3605442176870748,0.6802721088435374
W00003710,79,24,36,18,0,0,0,0,1,30.37974683544304,45.56962025316456,22.78481012658228,0,0,0,0,1.2658227848101267
W00003711,200,87,92,20,1,0,0,0,0,43.5,46,10,0.5,0,0,0,0
W00003712,152,72,80,0,0,0,0,0,0,47.368421052631575,52.63157894736842,0,0,0,0,0,0
W00003713,117,40,47,29,0,1,0,0,0,34.18803418803419,40.17094017094017,24.786324786324787,0,0.8547008547008548,0,0,0
W00003714,104,43,27,3,2,0,0,0,29,41.34615384615385,25.961538461538463,2.8846153846153846,1.9230769230769231,0,0,0,27.884615384615387
W00003715,172,146,26,0,0,0,0,0,0,84.88372093023256,15.11627906976744,0,0,0,0,0,0
W00003716,173,107,58,8,0,0,0,0,0,61.849710982658955,33.52601156069364,4.624277456647398,0,0,0,0,0
W00003717,133,21,89,18,5,0,0,0,0,15.789473684210526,66.9172932330827,13.533834586466165,3.7593984962406015,0,0,0,0
W00003718,151,49,35,36,29,2,0,0,0,32.450331125827816,23.178807947019866,23.841059602649008,19.205298013245034,1.3245033112582782,0,0,0
W00003719,162,67,82,6,7,0,0,0,0,41.358024691358025,50.617283950617285,3.7037037037037033,4.320987654320987,0,0,0,0
W00003720,113,31,80,2,0,0,0,0,0,27.43362831858407,70.79646017699115,1.7699115044247788,0,0,0,0,0
W00003721,158,84,70,0,0,0,0,0,4,53.16455696202531,44.303797468354425,0,0,0,0,0,2.5316455696202533
W00003722,152,69,26,55,0,1,0,1,0,45.39473684210527,17.105263157894736,36.18421052631579,0,0.6578947368421052,0,0.6578947368421052,0
W00003723,156,67,79,9,0,0,1,0,0,42.94871794871795,50.641025641025635,5.769230769230769,0,0,0.641025641025641,0,0
W00003724,114,12,65,22,14,1,0,0,0,10.526315789473683,57.01754385964912,19.298245614035086,12.280701754385964,0.8771929824561403,0,0,0
W00003725,125,18,38,68,0,0,0,1,0,14.399999999999999,30.4,54.400000000000006,0,0,0,0.8,0
W00003726,238,175,43,14,3,2,0,1,0,73.52941176470588,18.067226890756302,5.88235294117647,1.2605042016806722,0.8403361344537815,0,0.42016806722689076,0
W00003727,117,41,39,37,0,0,0,0,0,35.04273504273504,33.33333333333333,31.62393162393162,0,0,0,0,0
W00003728,126,99,23,0,0,2,0,1,1,78.57142857142857,18.253968253968253,0,0,1.5873015873015872,0,0.7936507936507936,0.7936507936507936
W00003729,229,177,13,0,0,0,1,0,38,77.29257641921397,5.676855895196507,0,0,0,0.43668122270742354,0,16.593886462882097
W00003730,111,106,4,0,0,1,0,0,0,95.4954954954955,3.6036036036036037,0,0,0.9009009009009009,0,0,0
W00003731,143,56,39,48,0,0,0,0,0,39.16083916083916,27.27272727272727,33.56643356643357,0,0,0,0,0
W00003732,135,5,50,54,23,1,1,0,1,3.7037037037037033,37.03703703703704,40,17.037037037037038,0.7407407407407408,0.7407407407407408,0,0.7407407407407408
W00003733,70,35,14,19,1,1,0,0,0,50,20,27.142857142857142,1.4285714285714286,1.4285714285714286,0,0,0
W00003734,136,70,62,3,1,0,0,0,0,51.470588235294116,45.588235294117645,2.2058823529411766,0.7352941176470588,0,0,0,0
W00003735,130,54,73,3,0,0,0,0,0,41.53846153846154,56.15384615384615,2.307692307692308,0,0,0,0,0
W00003736,132,42,73,16,1,0,0,0,0,31.818181818181817,55.3030303030303,12.121212121212121,0.7575757575757576,0,0,0,0
W00003737,136,94,33,5,0,0,1,0,3,69.11764705882352,24.264705882352942,3.6764705882352944,0,0,0.7352941176470588,0,2.2058823529411766
W00003738,141,109,27,0,1,1,1,1,1,77.30496453900709,19.148936170212767,0,0.7092198581560284,0.7092198581560284,0.7092198581560284,0.7092198581560284,0.7092198581560284
W00003739,120,52,47,15,0,1,3,2,0,43.333333333333336,39.166666666666664,12.5,0,0.8333333333333334,2.5,1.6666666666666667,0
W00003741,212,66,79,62,3,1,1,0,0,31.132075471698112,37.264150943396224,29.245283018867923,1.4150943396226416,0.4716981132075472,0.4716981132075472,0,0
W00003742,131,81,46,2,0,0,0,1,1,61.832061068702295,35.11450381679389,1.5267175572519083,0,0,0,0.7633587786259541,0.7633587786259541
W00003743,148,124,19,0,1,0,1,0,3,83.78378378378379,12.837837837837837,0,0.6756756756756757,0,0.6756756756756757,0,2.027027027027027
W00003744,131,33,92,5,1,0,0,0,0,25.190839694656486,70.22900763358778,3.816793893129771,0.7633587786259541,0,0,0,0
W00003745,142,132,8,1,0,1,0,0,0,92.95774647887323,5.633802816901409,0.7042253521126761,0,0.7042253521126761,0,0,0
W00003746,123,100,20,3,0,0,0,0,0,81.30081300813008,16.260162601626014,2.4390243902439024,0,0,0,0,0
W00003747,173,134,38,1,0,0,0,0,0,77.45664739884393,21.965317919075144,0.5780346820809248,0,0,0,0,0
W00003748,117,33,75,9,0,0,0,0,0,28.205128205128204,64.1025641025641,7.6923076923076925,0,0,0,0,0
W00003749,206,81,101,7,0,1,1,0,15,39.32038834951456,49.029126213592235,3.3980582524271843,0,0.48543689320388345,0.48543689320388345,0,7.281553398058252
W00003750,143,26,87,9,7,2,1,7,4,18.181818181818183,60.83916083916085,6.293706293706294,4.895104895104895,1.3986013986013985,0.6993006993006993,4.895104895104895,2.797202797202797
W00003751,137,22,86,21,3,4,1,0,0,16.05839416058394,62.77372262773723,15.328467153284672,2.18978102189781,2.9197080291970803,0.7299270072992701,0,0
W00003752,164,93,48,16,4,2,0,1,0,56.70731707317073,29.268292682926827,9.75609756097561,2.4390243902439024,1.2195121951219512,0,0.6097560975609756,0
W00003753,115,22,88,2,3,0,0,0,0,19.130434782608695,76.52173913043478,1.7391304347826086,2.608695652173913,0,0,0,0
W00003754,106,3,102,1,0,0,0,0,0,2.8301886792452833,96.22641509433963,0.9433962264150944,0,0,0,0,0
W00003755,138,75,59,4,0,0,0,0,0,54.347826086956516,42.7536231884058,2.898550724637681,0,0,0,0,0
W00003756,128,0,13,104,0,5,2,4,0,0,10.15625,81.25,0,3.90625,1.5625,3.125,0
W00003757,116,10,59,46,1,0,0,0,0,8.620689655172415,50.86206896551724,39.6551724137931,0.8620689655172413,0,0,0,0
W00003758,181,93,43,23,22,0,0,0,0,51.38121546961326,23.756906077348066,12.70718232044199,12.154696132596685,0,0,0,0
W00003759,117,17,82,9,4,4,0,1,0,14.529914529914532,70.08547008547008,7.6923076923076925,3.418803418803419,3.418803418803419,0,0.8547008547008548,0
W00003760,133,114,11,4,2,1,0,0,1,85.71428571428571,8.270676691729323,3.007518796992481,1.5037593984962405,0.7518796992481203,0,0,0.7518796992481203
W00003761,128,85,28,11,0,2,2,0,0,66.40625,21.875,8.59375,0,1.5625,1.5625,0,0
W00003762,113,101,5,2,3,2,0,0,0,89.38053097345133,4.424778761061947,1.7699115044247788,2.6548672566371683,1.7699115044247788,0,0,0
W00003763,90,71,15,2,0,0,1,0,1,78.88888888888889,16.666666666666664,2.2222222222222223,0,0,1.1111111111111112,0,1.1111111111111112
W00003764,125,69,45,11,0,0,0,0,0,55.2,36,8.799999999999999,0,0,0,0,0
W00003765,107,59,25,16,2,4,0,1,0,55.140186915887845,23.364485981308412,14.953271028037381,1.8691588785046727,3.7383177570093453,0,0.9345794392523363,0
W00003766,94,21,39,34,0,0,0,0,0,22.340425531914892,41.48936170212766,36.17021276595745,0,0,0,0,0
W00003767,102,83,11,2,0,0,2,0,4,81.37254901960785,10.784313725490197,1.9607843137254901,0,0,1.9607843137254901,0,3.9215686274509802
W00003768,204,90,79,9,23,0,0,3,0,44.11764705882353,38.72549019607843,4.411764705882353,11.27450980392157,0,0,1.4705882352941175,0
W00003769,110,8,74,27,1,0,0,0,0,7.2727272727272725,67.27272727272727,24.545454545454547,0.9090909090909091,0,0,0,0
W00003770,150,117,27,0,1,2,2,0,1,78,18,0,0.6666666666666667,1.3333333333333335,1.3333333333333335,0,0.6666666666666667
W00003771,107,36,40,11,6,4,1,9,0,33.64485981308411,37.38317757009346,10.2803738317757,5.607476635514018,3.7383177570093453,0.9345794392523363,8.411214953271028,0
W00003772,98,45,45,7,1,0,0,0,0,45.91836734693878,45.91836734693878,7.142857142857142,1.0204081632653061,0,0,0,0
W00003773,173,121,44,2,1,3,1,0,1,69.94219653179191,25.43352601156069,1.1560693641618496,0.5780346820809248,1.7341040462427744,0.5780346820809248,0,0.5780346820809248
W00003774,131,80,29,22,0,0,0,0,0,61.06870229007634,22.137404580152673,16.793893129770993,0,0,0,0,0
W00003775,123,88,15,13,0,0,3,0,4,71.54471544715447,12.195121951219512,10.569105691056912,0,0,2.4390243902439024,0,3.2520325203252036
W00003776,107,32,58,10,6,1,0,0,0,29.906542056074763,54.20560747663551,9.345794392523365,5.607476635514018,0.9345794392523363,0,0,0
W00003777,114,37,58,17,1,1,0,0,0,32.45614035087719,50.877192982456144,14.912280701754385,0.8771929824561403,0.8771929824561403,0,0,0
W00003778,128,1,8,116,2,0,0,1,0,0.78125,6.25,90.625,1.5625,0,0,0.78125,0
W00003779,165,9,35,59,41,3,10,8,0,5.454545454545454,21.21212121212121,35.75757575757576,24.848484848484848,1.8181818181818181,6.0606060606060606,4.848484848484849,0
W00003780,128,7,4,116,0,1,0,0,0,5.46875,3.125,90.625,0,0.78125,0,0,0
W00003781,134,5,6,114,1,7,1,0,0,3.731343283582089,4.477611940298507,85.07462686567165,0.7462686567164178,5.223880597014925,0.7462686567164178,0,0
W00003782,131,39,86,6,0,0,0,0,0,29.770992366412212,65.64885496183206,4.580152671755725,0,0,0,0,0
W00003783,120,86,27,6,0,0,0,1,0,71.66666666666667,22.5,5,0,0,0,0.8333333333333334,0
W00003784,122,24,85,6,7,0,0,0,0,19.672131147540984,69.67213114754098,4.918032786885246,5.737704918032787,0,0,0,0
W00003785,113,5,86,13,9,0,0,0,0,4.424778761061947,76.10619469026548,11.504424778761061,7.964601769911504,0,0,0,0
W00003786,127,15,111,1,0,0,0,0,0,11.811023622047244,87.4015748031496,0.7874015748031495,0,0,0,0,0
W00003787,114,14,48,52,0,0,0,0,0,12.280701754385964,42.10526315789473,45.614035087719294,0,0,0,0,0
W00003788,120,14,89,17,0,0,0,0,0,11.666666666666666,74.16666666666667,14.166666666666666,0,0,0,0,0
W00003789,129,7,111,6,5,0,0,0,0,5.426356589147287,86.04651162790698,4.651162790697675,3.875968992248062,0,0,0,0
W00003790,136,25,26,56,29,0,0,0,0,18.38235294117647,19.11764705882353,41.17647058823529,21.323529411764707,0,0,0,0
W00003791,118,10,105,3,0,0,0,0,0,8.47457627118644,88.98305084745762,2.5423728813559325,0,0,0,0,0
W00003792,115,2,110,3,0,0,0,0,0,1.7391304347826086,95.65217391304348,2.608695652173913,0,0,0,0,0
W00003793,197,22,83,40,48,0,3,0,1,11.16751269035533,42.13197969543147,20.304568527918782,24.36548223350254,0,1.5228426395939088,0,0.5076142131979695
W00003794,125,9,21,93,0,2,0,0,0,7.199999999999999,16.8,74.4,0,1.6,0,0,0
W00003795,114,14,46,22,31,1,0,0,0,12.280701754385964,40.35087719298245,19.298245614035086,27.192982456140353,0.8771929824561403,0,0,0
W00003796,154,9,66,77,0,0,0,2,0,5.844155844155844,42.857142857142854,50,0,0,0,1.2987012987012987,0
W00003797,133,13,116,3,0,1,0,0,0,9.774436090225564,87.21804511278195,2.2556390977443606,0,0.7518796992481203,0,0,0
W00003798,130,28,69,28,0,3,0,2,0,21.53846153846154,53.07692307692308,21.53846153846154,0,2.307692307692308,0,1.5384615384615385,0
W00003799,118,5,107,6,0,0,0,0,0,4.23728813559322,90.67796610169492,5.084745762711865,0,0,0,0,0
W00003800,156,74,74,8,0,0,0,0,0,47.43589743589743,47.43589743589743,5.128205128205128,0,0,0,0,0
W00003801,124,51,55,18,0,0,0,0,0,41.12903225806452,44.354838709677416,14.516129032258066,0,0,0,0,0
W00003802,124,8,106,8,0,0,0,2,0,6.451612903225806,85.48387096774194,6.451612903225806,0,0,0,1.6129032258064515,0
W00003803,116,10,73,32,1,0,0,0,0,8.620689655172415,62.93103448275862,27.586206896551722,0.8620689655172413,0,0,0,0
W00003804,117,10,31,67,5,0,1,3,0,8.547008547008547,26.495726495726498,57.26495726495726,4.273504273504273,0,0.8547008547008548,2.564102564102564,0
W00003805,109,25,55,29,0,0,0,0,0,22.93577981651376,50.45871559633027,26.605504587155966,0,0,0,0,0
W00003806,125,6,78,41,0,0,0,0,0,4.8,62.4,32.800000000000004,0,0,0,0,0
W00003807,127,8,54,32,31,1,0,1,0,6.299212598425196,42.51968503937008,25.196850393700785,24.409448818897637,0.7874015748031495,0,0.7874015748031495,0
W00003808,111,4,58,31,16,0,0,0,2,3.6036036036036037,52.25225225225225,27.927927927927925,14.414414414414415,0,0,0,1.8018018018018018
W00003809,115,5,34,44,30,0,2,0,0,4.3478260869565215,29.565217391304348,38.26086956521739,26.08695652173913,0,1.7391304347826086,0,0
W00003811,133,118,8,0,6,0,0,0,1,88.7218045112782,6.015037593984962,0,4.511278195488721,0,0,0,0.7518796992481203
W00003812,136,98,12,18,2,0,3,1,2,72.05882352941177,8.823529411764707,13.23529411764706,1.4705882352941175,0,2.2058823529411766,0.7352941176470588,1.4705882352941175
W00003813,129,79,42,6,1,0,1,0,0,61.240310077519375,32.55813953488372,4.651162790697675,0.7751937984496124,0,0.7751937984496124,0,0
W00003814,140,121,8,8,1,1,0,0,1,86.42857142857143,5.714285714285714,5.714285714285714,0.7142857142857143,0.7142857142857143,0,0,0.7142857142857143
W00003815,208,131,33,4,0,0,0,0,40,62.980769230769226,15.865384615384615,1.9230769230769231,0,0,0,0,19.230769230769234
W00003817,147,110,28,8,0,1,0,0,0,74.82993197278913,19.047619047619047,5.442176870748299,0,0.6802721088435374,0,0,0
W00003818,127,92,26,9,0,0,0,0,0,72.44094488188976,20.47244094488189,7.086614173228346,0,0,0,0,0
W00003819,141,22,88,24,6,1,0,0,0,15.602836879432624,62.4113475177305,17.02127659574468,4.25531914893617,0.7092198581560284,0,0,0
W00003820,125,53,50,19,0,1,0,1,1,42.4,40,15.2,0,0.8,0,0.8,0.8
W00003821,144,103,24,15,1,0,1,0,0,71.52777777777779,16.666666666666664,10.416666666666668,0.6944444444444444,0,0.6944444444444444,0,0
W00003823,113,20,36,56,1,0,0,0,0,17.699115044247787,31.858407079646017,49.557522123893804,0.8849557522123894,0,0,0,0
W00003824,102,75,23,3,0,0,0,1,0,73.52941176470588,22.54901960784314,2.941176470588235,0,0,0,0.9803921568627451,0
W00003825,134,21,104,9,0,0,0,0,0,15.671641791044777,77.61194029850746,6.7164179104477615,0,0,0,0,0
W00003826,119,11,94,7,7,0,0,0,0,9.243697478991598,78.99159663865547,5.88235294117647,5.88235294117647,0,0,0,0
W00003827,131,32,42,34,21,2,0,0,0,24.427480916030532,32.06106870229007,25.954198473282442,16.030534351145036,1.5267175572519083,0,0,0
W00003828,125,3,120,1,0,0,1,0,0,2.4,96,0.8,0,0,0.8,0,0
W00003829,98,58,32,6,0,0,0,0,2,59.183673469387756,32.6530612244898,6.122448979591836,0,0,0,0,2.0408163265306123
W00003830,176,108,46,22,0,0,0,0,0,61.36363636363637,26.136363636363637,12.5,0,0,0,0,0
W00003831,152,47,88,8,9,0,0,0,0,30.92105263157895,57.89473684210527,5.263157894736842,5.921052631578947,0,0,0,0
W00003832,161,38,82,34,5,0,2,0,0,23.60248447204969,50.931677018633536,21.11801242236025,3.1055900621118013,0,1.2422360248447204,0,0
W00003833,115,35,54,6,17,2,0,1,0,30.434782608695656,46.95652173913044,5.217391304347826,14.782608695652174,1.7391304347826086,0,0.8695652173913043,0
W00003834,148,42,102,2,2,0,0,0,0,28.37837837837838,68.91891891891892,1.3513513513513513,1.3513513513513513,0,0,0,0
W00003835,150,88,53,9,0,0,0,0,0,58.666666666666664,35.333333333333336,6,0,0,0,0,0
W00003836,227,93,100,34,0,0,0,0,0,40.969162995594715,44.052863436123346,14.977973568281937,0,0,0,0,0
W00003837,186,86,80,15,3,1,0,0,1,46.236559139784944,43.01075268817204,8.064516129032258,1.6129032258064515,0.5376344086021506,0,0,0.5376344086021506
W00003838,134,122,10,0,1,0,0,1,0,91.04477611940298,7.462686567164178,0,0.7462686567164178,0,0,0.7462686567164178,0
W00003839,169,101,30,34,0,1,0,2,1,59.76331360946746,17.75147928994083,20.118343195266274,0,0.591715976331361,0,1.183431952662722,0.591715976331361
W00003840,130,45,55,19,7,4,0,0,0,34.61538461538461,42.30769230769231,14.615384615384617,5.384615384615385,3.076923076923077,0,0,0
W00003841,129,32,55,2,39,1,0,0,0,24.8062015503876,42.63565891472868,1.550387596899225,30.23255813953488,0.7751937984496124,0,0,0
W00003842,128,18,86,1,19,4,0,0,0,14.0625,67.1875,0.78125,14.84375,3.125,0,0,0
W00003843,127,23,89,2,6,6,1,0,0,18.11023622047244,70.07874015748031,1.574803149606299,4.724409448818897,4.724409448818897,0.7874015748031495,0,0
W00003844,150,64,70,13,3,0,0,0,0,42.66666666666667,46.666666666666664,8.666666666666668,2,0,0,0,0
W00003845,120,7,34,58,8,8,2,3,0,5.833333333333333,28.333333333333332,48.333333333333336,6.666666666666667,6.666666666666667,1.6666666666666667,2.5,0
W00003846,129,85,25,15,2,1,0,0,1,65.89147286821705,19.379844961240313,11.627906976744185,1.550387596899225,0.7751937984496124,0,0,0.7751937984496124
W00003847,152,80,62,10,0,0,0,0,0,52.63157894736842,40.78947368421053,6.578947368421052,0,0,0,0,0
W00003848,207,99,79,26,0,0,0,1,2,47.82608695652174,38.164251207729464,12.560386473429952,0,0,0,0.4830917874396135,0.966183574879227
W00003849,134,32,96,5,0,1,0,0,0,23.88059701492537,71.64179104477611,3.731343283582089,0,0.7462686567164178,0,0,0
W00003850,124,26,88,9,1,0,0,0,0,20.967741935483872,70.96774193548387,7.258064516129033,0.8064516129032258,0,0,0,0
W00003851,126,38,44,43,0,0,0,1,0,30.158730158730158,34.92063492063492,34.12698412698413,0,0,0,0.7936507936507936,0
W00003852,123,8,98,1,14,0,0,1,1,6.504065040650407,79.67479674796748,0.8130081300813009,11.38211382113821,0,0,0.8130081300813009,0.8130081300813009
W00003853,111,14,57,3,33,4,0,0,0,12.612612612612612,51.35135135135135,2.7027027027027026,29.72972972972973,3.6036036036036037,0,0,0
W00003854,118,45,39,32,0,0,0,0,2,38.13559322033898,33.05084745762712,27.11864406779661,0,0,0,0,1.694915254237288
W00003855,121,64,52,1,0,1,2,1,0,52.892561983471076,42.97520661157025,0.8264462809917356,0,0.8264462809917356,1.6528925619834711,0.8264462809917356,0
W00003856,121,68,41,12,0,0,0,0,0,56.19834710743802,33.88429752066116,9.917355371900827,0,0,0,0,0
W00003857,133,17,85,22,9,0,0,0,0,12.781954887218044,63.90977443609023,16.541353383458645,6.7669172932330826,0,0,0,0
W00003858,142,71,57,14,0,0,0,0,0,50,40.140845070422536,9.859154929577464,0,0,0,0,0
W00003859,134,48,63,11,12,0,0,0,0,35.82089552238806,47.01492537313433,8.208955223880597,8.955223880597014,0,0,0,0
W00003860,126,35,77,12,0,1,0,1,0,27.77777777777778,61.111111111111114,9.523809523809524,0,0.7936507936507936,0,0.7936507936507936,0
W00003861,140,42,33,47,6,3,4,5,0,30,23.57142857142857,33.57142857142857,4.285714285714286,2.142857142857143,2.857142857142857,3.571428571428571,0
W00003862,115,40,48,23,1,2,0,1,0,34.78260869565217,41.73913043478261,20,0.8695652173913043,1.7391304347826086,0,0.8695652173913043,0
W00003863,110,4,66,16,23,1,0,0,0,3.6363636363636362,60,14.545454545454545,20.909090909090907,0.9090909090909091,0,0,0
W00003864,109,49,42,16,0,1,0,0,1,44.95412844036697,38.53211009174312,14.678899082568808,0,0.9174311926605505,0,0,0.9174311926605505
W00003865,115,37,68,3,5,2,0,0,0,32.17391304347826,59.130434782608695,2.608695652173913,4.3478260869565215,1.7391304347826086,0,0,0
W00003866,136,121,10,5,0,0,0,0,0,88.97058823529412,7.352941176470589,3.6764705882352944,0,0,0,0,0
W00003867,144,69,28,28,12,5,0,2,0,47.91666666666667,19.444444444444446,19.444444444444446,8.333333333333332,3.4722222222222223,0,1.3888888888888888,0
W00003868,134,86,17,28,1,0,0,2,0,64.17910447761194,12.686567164179104,20.8955223880597,0.7462686567164178,0,0,1.4925373134328357,0
W00003869,204,21,152,31,0,0,0,0,0,10.294117647058822,74.50980392156863,15.196078431372548,0,0,0,0,0
W00003870,124,47,44,26,1,1,4,1,0,37.903225806451616,35.483870967741936,20.967741935483872,0.8064516129032258,0.8064516129032258,3.225806451612903,0.8064516129032258,0
W00003871,159,47,29,25,25,12,8,13,0,29.559748427672954,18.238993710691823,15.723270440251572,15.723270440251572,7.547169811320755,5.031446540880504,8.176100628930817,0
W00003872,193,113,55,23,0,2,0,0,0,58.549222797927456,28.497409326424872,11.917098445595855,0,1.0362694300518136,0,0,0
W00003873,171,121,31,13,1,5,0,0,0,70.76023391812866,18.128654970760234,7.602339181286549,0.5847953216374269,2.923976608187134,0,0,0
W00003874,105,35,54,16,0,0,0,0,0,33.33333333333333,51.42857142857142,15.238095238095239,0,0,0,0,0
W00003875,151,126,18,2,3,1,0,0,1,83.44370860927152,11.920529801324504,1.3245033112582782,1.9867549668874174,0.6622516556291391,0,0,0.6622516556291391
W00003876,170,134,15,2,2,0,0,0,17,78.82352941176471,8.823529411764707,1.1764705882352942,1.1764705882352942,0,0,0,10
W00003877,132,112,14,4,0,0,1,1,0,84.84848484848484,10.606060606060606,3.0303030303030303,0,0,0.7575757575757576,0.7575757575757576,0
W00003878,125,75,49,0,0,1,0,0,0,60,39.2,0,0,0.8,0,0,0
W00003879,129,101,21,5,0,0,0,1,1,78.29457364341084,16.27906976744186,3.875968992248062,0,0,0,0.7751937984496124,0.7751937984496124
W00003880,112,22,33,55,1,1,0,0,0,19.642857142857142,29.464285714285715,49.107142857142854,0.8928571428571428,0.8928571428571428,0,0,0
W00003881,158,88,59,6,4,0,1,0,0,55.69620253164557,37.34177215189873,3.79746835443038,2.5316455696202533,0,0.6329113924050633,0,0
W00003882,111,19,45,42,0,2,0,3,0,17.117117117117118,40.54054054054054,37.83783783783784,0,1.8018018018018018,0,2.7027027027027026,0
W00003883,139,84,44,4,1,2,4,0,0,60.431654676258994,31.654676258992804,2.877697841726619,0.7194244604316548,1.4388489208633095,2.877697841726619,0,0
W00003884,232,143,61,12,12,1,1,2,0,61.63793103448276,26.29310344827586,5.172413793103448,5.172413793103448,0.43103448275862066,0.43103448275862066,0.8620689655172413,0
W00003885,155,76,78,1,0,0,0,0,0,49.03225806451613,50.32258064516129,0.6451612903225806,0,0,0,0,0
W00003886,168,131,31,5,0,0,0,0,1,77.97619047619048,18.452380952380953,2.976190476190476,0,0,0,0,0.5952380952380952
W00003887,139,45,65,5,18,5,0,1,0,32.37410071942446,46.76258992805755,3.5971223021582732,12.949640287769784,3.5971223021582732,0,0.7194244604316548,0
W00003888,176,64,58,48,3,2,0,0,1,36.36363636363637,32.95454545454545,27.27272727272727,1.7045454545454544,1.1363636363636365,0,0,0.5681818181818182
W00003889,155,111,36,3,1,4,0,0,0,71.61290322580646,23.225806451612904,1.935483870967742,0.6451612903225806,2.5806451612903225,0,0,0
W00003890,167,91,64,0,11,0,1,0,0,54.49101796407185,38.32335329341318,0,6.58682634730539,0,0.5988023952095809,0,0
W00003891,175,78,49,34,12,2,0,0,0,44.57142857142857,28.000000000000004,19.428571428571427,6.857142857142858,1.1428571428571428,0,0,0
W00003892,157,62,91,3,0,1,0,0,0,39.490445859872615,57.961783439490446,1.910828025477707,0,0.6369426751592357,0,0,0
W00003893,153,8,56,42,46,1,0,0,0,5.228758169934641,36.60130718954248,27.450980392156865,30.065359477124183,0.6535947712418301,0,0,0
W00003894,154,80,64,10,0,0,0,0,0,51.94805194805194,41.55844155844156,6.493506493506493,0,0,0,0,0
W00003895,151,114,36,1,0,0,0,0,0,75.49668874172185,23.841059602649008,0.6622516556291391,0,0,0,0,0
W00003896,125,102,8,14,0,1,0,0,0,81.6,6.4,11.200000000000001,0,0.8,0,0,0
W00003897,68,65,3,0,0,0,0,0,0,95.58823529411765,4.411764705882353,0,0,0,0,0,0
W00003898,154,131,22,0,0,0,0,1,0,85.06493506493507,14.285714285714285,0,0,0,0,0.6493506493506493,0
W00003899,135,128,6,1,0,0,0,0,0,94.81481481481482,4.444444444444445,0.7407407407407408,0,0,0,0,0
W00003900,120,86,34,0,0,0,0,0,0,71.66666666666667,28.333333333333332,0,0,0,0,0,0
W00003901,100,1,97,1,0,1,0,0,0,1,97,1,0,1,0,0,0
W00003902,120,25,94,1,0,0,0,0,0,20.833333333333336,78.33333333333333,0.8333333333333334,0,0,0,0,0
W00003903,128,81,44,3,0,0,0,0,0,63.28125,34.375,2.34375,0,0,0,0,0
W00003904,121,97,23,0,0,0,0,1,0,80.16528925619835,19.00826446280992,0,0,0,0,0.8264462809917356,0
W00003905,196,172,17,0,0,1,0,1,5,87.75510204081633,8.673469387755102,0,0,0.5102040816326531,0,0.5102040816326531,2.5510204081632653
W00003906,132,108,14,6,1,2,0,0,1,81.81818181818183,10.606060606060606,4.545454545454546,0.7575757575757576,1.5151515151515151,0,0,0.7575757575757576
W00003907,114,66,34,9,1,3,1,0,0,57.89473684210527,29.82456140350877,7.894736842105263,0.8771929824561403,2.631578947368421,0.8771929824561403,0,0
W00003908,147,126,15,4,0,1,0,0,1,85.71428571428571,10.204081632653061,2.7210884353741496,0,0.6802721088435374,0,0,0.6802721088435374
W00003909,144,122,21,1,0,0,0,0,0,84.72222222222221,14.583333333333334,0.6944444444444444,0,0,0,0,0
W00003910,140,87,50,2,0,0,0,0,1,62.142857142857146,35.714285714285715,1.4285714285714286,0,0,0,0,0.7142857142857143
W00003911,141,78,28,22,9,2,0,0,2,55.319148936170215,19.858156028368796,15.602836879432624,6.382978723404255,1.4184397163120568,0,0,1.4184397163120568
W00003912,137,40,90,6,0,0,0,0,1,29.1970802919708,65.69343065693431,4.37956204379562,0,0,0,0,0.7299270072992701
W00003913,131,36,88,7,0,0,0,0,0,27.480916030534353,67.17557251908397,5.343511450381679,0,0,0,0,0
W00003914,130,18,81,11,20,0,0,0,0,13.846153846153847,62.30769230769231,8.461538461538462,15.384615384615385,0,0,0,0
W00003915,125,63,57,2,0,1,0,0,2,50.4,45.6,1.6,0,0.8,0,0,1.6
W00003916,127,20,65,41,0,0,0,1,0,15.748031496062993,51.181102362204726,32.28346456692913,0,0,0,0.7874015748031495,0
W00003917,134,2,131,1,0,0,0,0,0,1.4925373134328357,97.76119402985076,0.7462686567164178,0,0,0,0,0
W00003918,205,82,75,45,1,1,1,0,0,40,36.58536585365854,21.951219512195124,0.4878048780487805,0.4878048780487805,0.4878048780487805,0,0
W00003919,144,49,93,1,0,0,0,1,0,34.02777777777778,64.58333333333334,0.6944444444444444,0,0,0,0.6944444444444444,0
W00003920,173,57,86,30,0,0,0,0,0,32.947976878612714,49.71098265895954,17.341040462427745,0,0,0,0,0
W00003921,114,69,41,3,0,0,0,0,1,60.526315789473685,35.96491228070175,2.631578947368421,0,0,0,0,0.8771929824561403
W00003922,154,44,97,8,0,2,0,3,0,28.57142857142857,62.98701298701299,5.194805194805195,0,1.2987012987012987,0,1.948051948051948,0
W00003923,141,83,32,10,12,1,1,2,0,58.86524822695035,22.69503546099291,7.092198581560284,8.51063829787234,0.7092198581560284,0.7092198581560284,1.4184397163120568,0
W00003924,132,34,98,0,0,0,0,0,0,25.757575757575758,74.24242424242425,0,0,0,0,0,0
W00003925,149,8,21,58,28,13,0,21,0,5.369127516778524,14.093959731543624,38.92617449664429,18.79194630872483,8.724832214765101,0,14.093959731543624,0
W00003926,127,11,10,80,23,2,1,0,0,8.661417322834646,7.874015748031496,62.99212598425197,18.11023622047244,1.574803149606299,0.7874015748031495,0,0
W00003927,152,3,12,101,34,0,1,0,1,1.9736842105263157,7.894736842105263,66.44736842105263,22.36842105263158,0,0.6578947368421052,0,0.6578947368421052
W00003928,116,0,4,108,0,4,0,0,0,0,3.4482758620689653,93.10344827586206,0,3.4482758620689653,0,0,0
W00003930,118,6,2,98,3,7,1,0,1,5.084745762711865,1.694915254237288,83.05084745762711,2.5423728813559325,5.932203389830509,0.847457627118644,0,0.847457627118644
W00003931,118,2,4,107,0,4,1,0,0,1.694915254237288,3.389830508474576,90.67796610169492,0,3.389830508474576,0.847457627118644,0,0
W00003932,107,5,2,92,3,4,1,0,0,4.672897196261682,1.8691588785046727,85.98130841121495,2.803738317757009,3.7383177570093453,0.9345794392523363,0,0
W00003933,134,3,39,89,2,1,0,0,0,2.2388059701492535,29.1044776119403,66.4179104477612,1.4925373134328357,0.7462686567164178,0,0,0
W00003934,116,5,5,93,6,4,2,1,0,4.310344827586207,4.310344827586207,80.17241379310344,5.172413793103448,3.4482758620689653,1.7241379310344827,0.8620689655172413,0
W00003935,117,5,12,58,19,15,1,7,0,4.273504273504273,10.256410256410255,49.572649572649574,16.23931623931624,12.82051282051282,0.8547008547008548,5.982905982905983,0
W00003937,110,7,4,97,0,2,0,0,0,6.363636363636363,3.6363636363636362,88.18181818181819,0,1.8181818181818181,0,0,0
W00003938,140,6,11,96,7,3,3,14,0,4.285714285714286,7.857142857142857,68.57142857142857,5,2.142857142857143,2.142857142857143,10,0
W00003939,125,11,36,58,16,4,0,0,0,8.799999999999999,28.799999999999997,46.400000000000006,12.8,3.2,0,0,0
W00003940,192,163,16,8,0,1,0,1,3,84.89583333333334,8.333333333333332,4.166666666666666,0,0.5208333333333333,0,0.5208333333333333,1.5625
W00003941,104,23,17,5,38,0,3,1,17,22.115384615384613,16.346153846153847,4.807692307692308,36.53846153846153,0,2.8846153846153846,0.9615384615384616,16.346153846153847
W00003943,144,32,32,46,8,4,2,2,18,22.22222222222222,22.22222222222222,31.944444444444443,5.555555555555555,2.7777777777777777,1.3888888888888888,1.3888888888888888,12.5
W00003944,117,10,26,53,8,5,2,13,0,8.547008547008547,22.22222222222222,45.2991452991453,6.837606837606838,4.273504273504273,1.7094017094017095,11.11111111111111,0
W00003945,116,56,30,27,1,1,0,1,0,48.275862068965516,25.862068965517242,23.275862068965516,0.8620689655172413,0.8620689655172413,0,0.8620689655172413,0
W00003946,137,62,57,17,0,0,0,0,1,45.25547445255474,41.605839416058394,12.408759124087592,0,0,0,0,0.7299270072992701
W00009988,101,0,21,18,61,0,0,1,0,0,20.792079207920793,17.82178217821782,60.396039603960396,0,0,0.9900990099009901,0
W00009989,138,80,26,25,1,5,0,1,0,57.971014492753625,18.84057971014493,18.115942028985508,0.7246376811594203,3.6231884057971016,0,0.7246376811594203,0
W00009991,221,117,56,47,1,0,0,0,0,52.94117647058824,25.339366515837103,21.266968325791854,0.4524886877828055,0,0,0,0
W00009992,48,24,20,4,0,0,0,0,0,50,41.66666666666667,8.333333333333332,0,0,0,0,0
W00009994,135,74,60,1,0,0,0,0,0,54.81481481481482,44.44444444444444,0.7407407407407408,0,0,0,0,0
W00009995,127,51,62,14,0,0,0,0,0,40.15748031496063,48.818897637795274,11.023622047244094,0,0,0,0,0
W00009997,63,54,7,0,0,2,0,0,0,85.71428571428571,11.11111111111111,0,0,3.1746031746031744,0,0,0
W00009998,97,2,19,53,20,2,1,0,0,2.0618556701030926,19.587628865979383,54.63917525773196,20.618556701030926,2.0618556701030926,1.0309278350515463,0,0
W00010000,68,29,33,6,0,0,0,0,0,42.64705882352941,48.529411764705884,8.823529411764707,0,0,0,0,0
W00010001,114,105,9,0,0,0,0,0,0,92.10526315789474,7.894736842105263,0,0,0,0,0,0
W00010003,94,61,27,6,0,0,0,0,0,64.8936170212766,28.723404255319153,6.382978723404255,0,0,0,0,0
W00010004,176,152,16,8,0,0,0,0,0,86.36363636363636,9.090909090909092,4.545454545454546,0,0,0,0,0
W00010007,109,0,1,18,90,0,0,0,0,0,0.9174311926605505,16.51376146788991,82.56880733944955,0,0,0,0
W00010009,128,8,26,37,53,0,3,0,1,6.25,20.3125,28.90625,41.40625,0,2.34375,0,0.78125
W00010099,131,17,51,55,7,0,0,0,1,12.977099236641221,38.93129770992366,41.98473282442748,5.343511450381679,0,0,0,0.7633587786259541
W00010100,97,26,61,9,0,0,1,0,0,26.804123711340207,62.88659793814433,9.278350515463918,0,0,1.0309278350515463,0,0
W00010102,150,67,47,36,0,0,0,0,0,44.666666666666664,31.333333333333336,24,0,0,0,0,0
W00010357,122,43,55,9,12,3,0,0,0,35.24590163934426,45.08196721311475,7.377049180327869,9.836065573770492,2.459016393442623,0,0,0
W00010358,121,44,52,25,0,0,0,0,0,36.36363636363637,42.97520661157025,20.66115702479339,0,0,0,0,0
W00010361,120,35,82,3,0,0,0,0,0,29.166666666666668,68.33333333333333,2.5,0,0,0,0,0
W00010362,91,70,15,5,1,0,0,0,0,76.92307692307693,16.483516483516482,5.4945054945054945,1.098901098901099,0,0,0,0
W00010655,166,40,117,9,0,0,0,0,0,24.096385542168676,70.48192771084338,5.421686746987952,0,0,0,0,0
W00010656,180,5,31,43,78,14,8,1,0,2.7777777777777777,17.22222222222222,23.88888888888889,43.333333333333336,7.777777777777778,4.444444444444445,0.5555555555555556,0
W00010657,157,128,9,15,5,0,0,0,0,81.52866242038218,5.7324840764331215,9.554140127388536,3.1847133757961785,0,0,0,0
W00010661,155,94,57,2,0,2,0,0,0,60.64516129032258,36.774193548387096,1.2903225806451613,0,1.2903225806451613,0,0,0
W00010663,114,47,50,17,0,0,0,0,0,41.228070175438596,43.859649122807014,14.912280701754385,0,0,0,0,0
W00010664,121,53,46,18,4,0,0,0,0,43.80165289256198,38.01652892561984,14.87603305785124,3.3057851239669422,0,0,0,0
W00010665,123,58,39,26,0,0,0,0,0,47.15447154471545,31.70731707317073,21.138211382113823,0,0,0,0,0
W00010666,130,39,74,17,0,0,0,0,0,30,56.92307692307692,13.076923076923078,0,0,0,0,0
W00010668,136,30,53,53,0,0,0,0,0,22.058823529411764,38.970588235294116,38.970588235294116,0,0,0,0,0
W00010670,132,66,47,15,3,1,0,0,0,50,35.60606060606061,11.363636363636363,2.272727272727273,0.7575757575757576,0,0,0
W00010671,138,17,29,84,8,0,0,0,0,12.318840579710146,21.014492753623188,60.86956521739131,5.797101449275362,0,0,0,0
W00010673,116,42,67,7,0,0,0,0,0,36.206896551724135,57.758620689655174,6.0344827586206895,0,0,0,0,0
W00010674,119,79,29,5,2,3,0,0,1,66.38655462184873,24.369747899159663,4.201680672268908,1.680672268907563,2.5210084033613445,0,0,0.8403361344537815
W00010682,130,59,16,42,12,1,0,0,0,45.38461538461539,12.307692307692308,32.30769230769231,9.230769230769232,0.7692307692307693,0,0,0
W00010685,128,7,21,80,8,9,0,2,1,5.46875,16.40625,62.5,6.25,7.03125,0,1.5625,0.78125
W00010688,139,64,43,7,20,0,4,1,0,46.043165467625904,30.935251798561154,5.0359712230215825,14.388489208633093,0,2.877697841726619,0.7194244604316548,0
W00010691,117,70,28,19,0,0,0,0,0,59.82905982905983,23.931623931623932,16.23931623931624,0,0,0,0,0
W00010694,159,68,68,23,0,0,0,0,0,42.76729559748428,42.76729559748428,14.465408805031446,0,0,0,0,0
W00010695,74,52,22,0,0,0,0,0,0,70.27027027027027,29.72972972972973,0,0,0,0,0,0
W00010696,96,38,27,19,12,0,0,0,0,39.58333333333333,28.125,19.791666666666664,12.5,0,0,0,0
W00010697,122,20,65,36,1,0,0,0,0,16.39344262295082,53.278688524590166,29.508196721311474,0.819672131147541,0,0,0,0
