OA,ts007a0001,ts007a0002,ts007a0003,ts007a0004,ts007a0005,ts007a0006,ts007a0007,ts007a0008,ts007a0009,ts007a0010,ts007a0011,ts007a0012,ts007a0013,ts007a0014,ts007a0015,ts007a0016,ts007a0017,ts007a0018,ts007a0019,ts007a0002_PCT,ts007a0003_PCT,ts007a0004_PCT,ts007a0005_PCT,ts007a0006_PCT,ts007a0007_PCT,ts007a0008_PCT,ts007a0009_PCT,ts007a0010_PCT,ts007a0011_PCT,ts007a0012_PCT,ts007a0013_PCT,ts007a0014_PCT,ts007a0015_PCT,ts007a0016_PCT,ts007a0017_PCT,ts007a0018_PCT,ts007a0019_PCT
E00159790,277,15,19,12,9,7,12,18,19,20,20,16,25,21,15,24,14,8,3,5.415162454873646,6.859205776173286,4.332129963898916,3.2490974729241873,2.527075812274368,4.332129963898916,6.4981949458483745,6.859205776173286,7.2202166064981945,7.2202166064981945,5.776173285198556,9.025270758122744,7.581227436823104,5.415162454873646,8.664259927797833,5.054151624548736,2.888086642599278,1.083032490974729
E00159791,331,26,27,27,9,13,19,18,27,31,15,13,23,24,20,18,10,4,7,7.854984894259818,8.157099697885197,8.157099697885197,2.719033232628399,3.927492447129909,5.740181268882175,5.438066465256798,8.157099697885197,9.365558912386707,4.531722054380665,3.927492447129909,6.948640483383686,7.250755287009064,6.042296072507553,5.438066465256798,3.0211480362537766,1.2084592145015105,2.1148036253776437
E00159792,274,10,17,21,10,9,5,13,20,12,24,20,20,6,18,25,22,7,15,3.64963503649635,6.204379562043796,7.664233576642336,3.64963503649635,3.2846715328467155,1.824817518248175,4.744525547445255,7.2992700729927,4.37956204379562,8.75912408759124,7.2992700729927,7.2992700729927,2.18978102189781,6.569343065693431,9.124087591240876,8.02919708029197,2.5547445255474455,5.474452554744526
E00159793,353,23,33,21,16,16,12,12,21,36,19,25,24,16,17,18,21,10,13,6.515580736543909,9.34844192634561,5.94900849858357,4.53257790368272,4.53257790368272,3.39943342776204,3.39943342776204,5.94900849858357,10.198300283286118,5.382436260623229,7.0821529745042495,6.79886685552408,4.53257790368272,4.815864022662889,5.099150141643059,5.94900849858357,2.8328611898017,3.6827195467422094
E00159794,287,11,21,11,13,7,7,5,12,20,16,22,18,21,22,38,22,12,9,3.8327526132404177,7.317073170731707,3.8327526132404177,4.529616724738676,2.4390243902439024,2.4390243902439024,1.7421602787456445,4.181184668989547,6.968641114982578,5.574912891986063,7.665505226480835,6.2717770034843205,7.317073170731707,7.665505226480835,13.240418118466899,7.665505226480835,4.181184668989547,3.1358885017421603
E00159795,263,7,14,14,11,13,13,19,13,15,31,22,13,18,16,19,15,5,5,2.6615969581749046,5.323193916349809,5.323193916349809,4.182509505703422,4.942965779467681,4.942965779467681,7.224334600760455,4.942965779467681,5.7034220532319395,11.787072243346007,8.365019011406844,4.942965779467681,6.844106463878327,6.083650190114068,7.224334600760455,5.7034220532319395,1.9011406844106464,1.9011406844106464
E00159796,260,7,10,7,5,3,8,10,9,16,9,15,16,20,25,29,31,24,16,2.6923076923076925,3.8461538461538463,2.6923076923076925,1.9230769230769231,1.153846153846154,3.076923076923077,3.8461538461538463,3.4615384615384617,6.153846153846154,3.4615384615384617,5.769230769230769,6.153846153846154,7.6923076923076925,9.615384615384617,11.153846153846155,11.923076923076923,9.230769230769232,6.153846153846154
E00159797,340,14,33,20,19,15,7,10,22,22,28,30,24,18,16,20,14,14,14,4.117647058823529,9.705882352941178,5.88235294117647,5.588235294117648,4.411764705882353,2.0588235294117645,2.941176470588235,6.470588235294119,6.470588235294119,8.235294117647058,8.823529411764707,7.0588235294117645,5.294117647058823,4.705882352941177,5.88235294117647,4.117647058823529,4.117647058823529,4.117647058823529
E00159798,283,21,11,11,11,11,12,12,11,16,21,11,27,24,20,20,16,15,13,7.420494699646643,3.8869257950530036,3.8869257950530036,3.8869257950530036,3.8869257950530036,4.240282685512367,4.240282685512367,3.8869257950530036,5.6537102473498235,7.420494699646643,3.8869257950530036,9.540636042402827,8.480565371024735,7.06713780918728,7.06713780918728,5.6537102473498235,5.30035335689046,4.593639575971731
E00159799,331,20,30,24,17,15,20,7,22,33,23,23,18,21,10,23,15,8,2,6.042296072507553,9.06344410876133,7.250755287009064,5.13595166163142,4.531722054380665,6.042296072507553,2.1148036253776437,6.646525679758309,9.969788519637463,6.948640483383686,6.948640483383686,5.438066465256798,6.3444108761329305,3.0211480362537766,6.948640483383686,4.531722054380665,2.416918429003021,0.6042296072507553
E00159800,336,21,23,23,16,10,16,22,26,22,19,28,17,11,14,28,17,18,5,6.25,6.845238095238096,6.845238095238096,4.761904761904762,2.976190476190476,4.761904761904762,6.547619047619048,7.738095238095238,6.547619047619048,5.654761904761905,8.333333333333332,5.059523809523809,3.273809523809524,4.166666666666666,8.333333333333332,5.059523809523809,5.357142857142857,1.488095238095238
E00159801,329,20,25,23,17,7,11,15,25,27,27,20,18,31,17,12,15,10,9,6.079027355623101,7.598784194528875,6.990881458966565,5.167173252279635,2.127659574468085,3.343465045592705,4.5592705167173255,7.598784194528875,8.206686930091186,8.206686930091186,6.079027355623101,5.47112462006079,9.422492401215806,5.167173252279635,3.64741641337386,4.5592705167173255,3.0395136778115504,2.735562310030395
E00159802,367,18,31,16,23,13,12,11,28,28,23,28,26,21,24,30,19,12,4,4.904632152588556,8.446866485013624,4.35967302452316,6.267029972752043,3.5422343324250685,3.2697547683923704,2.997275204359673,7.629427792915531,7.629427792915531,6.267029972752043,7.629427792915531,7.084468664850137,5.722070844686648,6.539509536784741,8.174386920980927,5.177111716621254,3.2697547683923704,1.08991825613079
E00159803,318,7,16,14,17,10,21,12,14,15,17,24,29,20,20,28,15,21,18,2.20125786163522,5.031446540880504,4.40251572327044,5.345911949685535,3.1446540880503147,6.60377358490566,3.7735849056603774,4.40251572327044,4.716981132075472,5.345911949685535,7.547169811320755,9.119496855345911,6.289308176100629,6.289308176100629,8.80503144654088,4.716981132075472,6.60377358490566,5.660377358490567
E00159804,245,6,14,13,11,5,16,14,11,10,8,10,13,17,20,18,24,17,18,2.4489795918367347,5.714285714285714,5.3061224489795915,4.489795918367347,2.0408163265306123,6.530612244897959,5.714285714285714,4.489795918367347,4.081632653061225,3.2653061224489797,4.081632653061225,5.3061224489795915,6.938775510204081,8.16326530612245,7.346938775510205,9.795918367346939,6.938775510204081,7.346938775510205
E00159805,214,17,10,8,2,7,18,18,16,17,13,13,12,15,21,12,5,8,2,7.943925233644859,4.672897196261682,3.7383177570093453,0.9345794392523363,3.2710280373831773,8.411214953271028,8.411214953271028,7.476635514018691,7.943925233644859,6.074766355140187,6.074766355140187,5.607476635514018,7.009345794392523,9.813084112149532,5.607476635514018,2.336448598130841,3.7383177570093453,0.9345794392523363
E00159806,285,14,15,18,14,12,21,22,19,22,22,31,19,16,10,9,8,7,6,4.912280701754386,5.263157894736842,6.315789473684211,4.912280701754386,4.2105263157894735,7.368421052631578,7.719298245614035,6.666666666666667,7.719298245614035,7.719298245614035,10.87719298245614,6.666666666666667,5.614035087719298,3.508771929824561,3.1578947368421053,2.807017543859649,2.456140350877193,2.1052631578947367
E00159807,372,17,26,36,43,19,24,14,25,31,30,31,28,16,9,15,3,3,2,4.56989247311828,6.989247311827956,9.67741935483871,11.559139784946236,5.10752688172043,6.451612903225806,3.763440860215054,6.720430107526881,8.333333333333332,8.064516129032258,8.333333333333332,7.526881720430108,4.301075268817205,2.4193548387096775,4.032258064516129,0.8064516129032258,0.8064516129032258,0.5376344086021506
E00159808,245,12,9,9,13,5,7,18,6,12,14,20,14,16,15,26,26,13,10,4.8979591836734695,3.6734693877551026,3.6734693877551026,5.3061224489795915,2.0408163265306123,2.857142857142857,7.346938775510205,2.4489795918367347,4.8979591836734695,5.714285714285714,8.16326530612245,5.714285714285714,6.530612244897959,6.122448979591836,10.612244897959183,10.612244897959183,5.3061224489795915,4.081632653061225
E00159809,253,8,7,7,2,10,20,16,10,11,12,19,16,14,19,19,18,23,22,3.1620553359683794,2.766798418972332,2.766798418972332,0.7905138339920948,3.9525691699604746,7.905138339920949,6.324110671936759,3.9525691699604746,4.3478260869565215,4.743083003952568,7.5098814229249005,6.324110671936759,5.533596837944664,7.5098814229249005,7.5098814229249005,7.114624505928854,9.090909090909092,8.695652173913043
E00159810,274,13,23,16,19,9,11,20,19,21,23,16,20,19,8,15,11,9,2,4.744525547445255,8.394160583941606,5.839416058394161,6.934306569343065,3.2846715328467155,4.014598540145985,7.2992700729927,6.934306569343065,7.664233576642336,8.394160583941606,5.839416058394161,7.2992700729927,6.934306569343065,2.9197080291970803,5.474452554744526,4.014598540145985,3.2846715328467155,0.7299270072992701
E00159811,242,9,5,5,5,10,11,11,12,7,16,11,12,10,27,42,19,12,18,3.71900826446281,2.066115702479339,2.066115702479339,2.066115702479339,4.132231404958678,4.545454545454546,4.545454545454546,4.958677685950414,2.8925619834710745,6.6115702479338845,4.545454545454546,4.958677685950414,4.132231404958678,11.15702479338843,17.355371900826448,7.851239669421488,4.958677685950414,7.43801652892562
E00159812,267,9,6,4,3,11,7,11,10,12,9,8,13,10,15,40,31,24,44,3.3707865168539324,2.247191011235955,1.4981273408239701,1.1235955056179776,4.119850187265917,2.6217228464419478,4.119850187265917,3.7453183520599254,4.49438202247191,3.3707865168539324,2.9962546816479403,4.868913857677903,3.7453183520599254,5.617977528089887,14.981273408239701,11.610486891385769,8.98876404494382,16.479400749063668
E00159813,280,11,14,16,2,12,17,13,19,17,6,28,20,23,21,15,19,12,15,3.9285714285714284,5,5.714285714285714,0.7142857142857143,4.285714285714286,6.071428571428571,4.642857142857143,6.785714285714286,6.071428571428571,2.142857142857143,10,7.142857142857142,8.214285714285714,7.5,5.357142857142857,6.785714285714286,4.285714285714286,5.357142857142857
E00159814,232,11,7,6,2,3,9,13,13,10,12,11,16,10,15,23,25,22,24,4.741379310344827,3.0172413793103448,2.586206896551724,0.8620689655172413,1.293103448275862,3.8793103448275863,5.603448275862069,5.603448275862069,4.310344827586207,5.172413793103448,4.741379310344827,6.896551724137931,4.310344827586207,6.4655172413793105,9.913793103448276,10.775862068965516,9.482758620689655,10.344827586206897
E00159815,315,13,10,25,16,18,14,20,17,21,27,24,24,16,19,16,14,13,8,4.1269841269841265,3.1746031746031744,7.936507936507936,5.079365079365079,5.714285714285714,4.444444444444445,6.349206349206349,5.396825396825397,6.666666666666667,8.571428571428571,7.6190476190476195,7.6190476190476195,5.079365079365079,6.031746031746032,5.079365079365079,4.444444444444445,4.1269841269841265,2.5396825396825395
E00159816,271,12,14,17,14,11,14,24,31,14,17,14,14,15,19,14,11,8,8,4.428044280442804,5.166051660516605,6.273062730627306,5.166051660516605,4.059040590405904,5.166051660516605,8.856088560885608,11.439114391143912,5.166051660516605,6.273062730627306,5.166051660516605,5.166051660516605,5.535055350553505,7.011070110701106,5.166051660516605,4.059040590405904,2.952029520295203,2.952029520295203
E00159817,277,8,17,20,15,10,13,19,9,25,20,15,25,21,19,14,7,10,10,2.888086642599278,6.137184115523466,7.2202166064981945,5.415162454873646,3.6101083032490973,4.693140794223827,6.859205776173286,3.2490974729241873,9.025270758122744,7.2202166064981945,5.415162454873646,9.025270758122744,7.581227436823104,6.859205776173286,5.054151624548736,2.527075812274368,3.6101083032490973,3.6101083032490973
E00159818,355,24,17,29,21,17,21,28,31,24,17,26,26,21,10,21,7,6,9,6.760563380281689,4.788732394366197,8.169014084507042,5.915492957746479,4.788732394366197,5.915492957746479,7.887323943661972,8.732394366197182,6.760563380281689,4.788732394366197,7.323943661971831,7.323943661971831,5.915492957746479,2.8169014084507045,5.915492957746479,1.971830985915493,1.6901408450704223,2.535211267605634
E00159819,301,19,13,21,13,15,13,20,23,24,20,22,16,12,22,22,11,10,5,6.312292358803987,4.318936877076411,6.976744186046512,4.318936877076411,4.983388704318937,4.318936877076411,6.64451827242525,7.641196013289036,7.973421926910299,6.64451827242525,7.308970099667775,5.3156146179401995,3.9867109634551494,7.308970099667775,7.308970099667775,3.6544850498338874,3.322259136212625,1.6611295681063125
E00159820,349,21,26,19,16,18,20,21,21,20,21,26,28,25,20,11,7,18,11,6.017191977077363,7.4498567335243555,5.444126074498568,4.584527220630372,5.157593123209169,5.730659025787966,6.017191977077363,6.017191977077363,5.730659025787966,6.017191977077363,7.4498567335243555,8.022922636103152,7.163323782234957,5.730659025787966,3.151862464183381,2.005730659025788,5.157593123209169,3.151862464183381
E00159821,339,12,27,19,15,13,14,17,20,20,28,35,27,16,20,25,13,14,4,3.5398230088495577,7.964601769911504,5.604719764011799,4.424778761061947,3.8348082595870205,4.129793510324483,5.014749262536873,5.899705014749262,5.899705014749262,8.259587020648967,10.32448377581121,7.964601769911504,4.71976401179941,5.899705014749262,7.374631268436578,3.8348082595870205,4.129793510324483,1.1799410029498525
E00159822,333,13,12,20,10,10,8,33,29,18,14,27,25,35,19,24,20,13,3,3.903903903903904,3.6036036036036037,6.006006006006006,3.003003003003003,3.003003003003003,2.4024024024024024,9.90990990990991,8.708708708708707,5.405405405405405,4.2042042042042045,8.108108108108109,7.5075075075075075,10.51051051051051,5.7057057057057055,7.207207207207207,6.006006006006006,3.903903903903904,0.9009009009009009
E00159823,266,7,12,13,11,9,8,5,10,14,24,13,14,31,21,19,23,10,22,2.631578947368421,4.511278195488721,4.887218045112782,4.135338345864661,3.3834586466165413,3.007518796992481,1.8796992481203008,3.7593984962406015,5.263157894736842,9.022556390977442,4.887218045112782,5.263157894736842,11.654135338345863,7.894736842105263,7.142857142857142,8.646616541353383,3.7593984962406015,8.270676691729323
E00159824,299,13,15,17,18,16,16,19,13,13,17,25,22,19,26,16,16,13,5,4.3478260869565215,5.016722408026756,5.68561872909699,6.0200668896321075,5.351170568561873,5.351170568561873,6.354515050167224,4.3478260869565215,4.3478260869565215,5.68561872909699,8.361204013377927,7.357859531772576,6.354515050167224,8.695652173913043,5.351170568561873,5.351170568561873,4.3478260869565215,1.6722408026755853
E00159825,294,12,14,13,12,12,16,14,19,16,20,18,27,24,18,18,22,13,6,4.081632653061225,4.761904761904762,4.421768707482993,4.081632653061225,4.081632653061225,5.442176870748299,4.761904761904762,6.462585034013606,5.442176870748299,6.802721088435375,6.122448979591836,9.183673469387756,8.16326530612245,6.122448979591836,6.122448979591836,7.482993197278912,4.421768707482993,2.0408163265306123
E00159826,331,13,24,19,26,22,22,27,17,25,20,25,27,19,12,12,9,8,4,3.927492447129909,7.250755287009064,5.740181268882175,7.854984894259818,6.646525679758309,6.646525679758309,8.157099697885197,5.13595166163142,7.552870090634441,6.042296072507553,7.552870090634441,8.157099697885197,5.740181268882175,3.625377643504532,3.625377643504532,2.719033232628399,2.416918429003021,1.2084592145015105
E00159827,222,15,14,13,8,16,18,23,20,13,15,14,22,15,10,2,3,1,0,6.756756756756757,6.306306306306306,5.8558558558558556,3.6036036036036037,7.207207207207207,8.108108108108109,10.36036036036036,9.00900900900901,5.8558558558558556,6.756756756756757,6.306306306306306,9.90990990990991,6.756756756756757,4.504504504504505,0.9009009009009009,1.3513513513513513,0.45045045045045046,0
E00159828,296,13,14,16,15,9,11,7,19,14,15,29,25,22,21,23,18,13,12,4.391891891891892,4.72972972972973,5.405405405405405,5.0675675675675675,3.040540540540541,3.7162162162162162,2.364864864864865,6.418918918918918,4.72972972972973,5.0675675675675675,9.797297297297296,8.445945945945946,7.4324324324324325,7.094594594594595,7.77027027027027,6.081081081081082,4.391891891891892,4.054054054054054
E00159829,305,10,14,14,20,10,18,15,11,19,19,30,15,28,21,17,22,11,11,3.278688524590164,4.590163934426229,4.590163934426229,6.557377049180328,3.278688524590164,5.901639344262295,4.918032786885246,3.606557377049181,6.229508196721312,6.229508196721312,9.836065573770492,4.918032786885246,9.180327868852459,6.885245901639345,5.573770491803279,7.213114754098362,3.606557377049181,3.606557377049181
E00159830,279,7,13,13,11,7,12,12,16,12,14,12,28,21,24,28,23,16,10,2.5089605734767026,4.659498207885305,4.659498207885305,3.942652329749104,2.5089605734767026,4.301075268817205,4.301075268817205,5.734767025089606,4.301075268817205,5.017921146953405,4.301075268817205,10.03584229390681,7.526881720430108,8.60215053763441,10.03584229390681,8.24372759856631,5.734767025089606,3.584229390681003
E00159831,340,17,18,15,16,21,31,24,23,18,22,21,24,21,16,19,9,14,11,5,5.294117647058823,4.411764705882353,4.705882352941177,6.176470588235294,9.117647058823529,7.0588235294117645,6.764705882352941,5.294117647058823,6.470588235294119,6.176470588235294,7.0588235294117645,6.176470588235294,4.705882352941177,5.588235294117648,2.6470588235294117,4.117647058823529,3.2352941176470593
E00159832,241,3,11,15,13,8,12,14,12,8,20,15,20,12,19,16,18,11,14,1.2448132780082988,4.564315352697095,6.224066390041494,5.394190871369295,3.319502074688797,4.979253112033195,5.809128630705394,4.979253112033195,3.319502074688797,8.29875518672199,6.224066390041494,8.29875518672199,4.979253112033195,7.883817427385892,6.639004149377594,7.468879668049793,4.564315352697095,5.809128630705394
E00159833,286,24,23,13,10,7,20,27,16,18,11,18,23,13,12,15,19,10,7,8.391608391608392,8.041958041958042,4.545454545454546,3.4965034965034967,2.4475524475524475,6.993006993006993,9.44055944055944,5.594405594405594,6.293706293706294,3.8461538461538463,6.293706293706294,8.041958041958042,4.545454545454546,4.195804195804196,5.244755244755245,6.643356643356643,3.4965034965034967,2.4475524475524475
E00159834,473,28,33,35,28,27,29,34,41,41,34,42,25,13,15,22,11,8,7,5.9196617336152215,6.976744186046512,7.399577167019028,5.9196617336152215,5.708245243128964,6.13107822410148,7.188160676532769,8.668076109936575,8.668076109936575,7.188160676532769,8.879492600422834,5.2854122621564485,2.748414376321353,3.171247357293869,4.651162790697675,2.3255813953488373,1.6913319238900635,1.4799154334038054
E00159835,324,10,16,17,13,9,14,14,22,17,22,25,18,32,21,25,17,19,13,3.0864197530864197,4.938271604938271,5.246913580246913,4.012345679012346,2.7777777777777777,4.320987654320987,4.320987654320987,6.790123456790123,5.246913580246913,6.790123456790123,7.716049382716049,5.555555555555555,9.876543209876543,6.481481481481481,7.716049382716049,5.246913580246913,5.864197530864197,4.012345679012346
E00159836,448,16,30,35,25,15,18,8,17,25,37,40,29,21,32,32,29,23,16,3.571428571428571,6.696428571428571,7.8125,5.580357142857143,3.3482142857142856,4.017857142857143,1.7857142857142856,3.7946428571428568,5.580357142857143,8.258928571428571,8.928571428571429,6.4732142857142865,4.6875,7.142857142857142,7.142857142857142,6.4732142857142865,5.133928571428571,3.571428571428571
E00159837,343,21,17,21,27,19,15,12,21,32,30,31,22,22,11,10,12,10,10,6.122448979591836,4.956268221574344,6.122448979591836,7.871720116618077,5.539358600583091,4.373177842565598,3.498542274052478,6.122448979591836,9.329446064139942,8.746355685131196,9.037900874635568,6.41399416909621,6.41399416909621,3.206997084548105,2.9154518950437316,3.498542274052478,2.9154518950437316,2.9154518950437316
E00159838,327,35,39,35,19,19,33,24,20,27,23,10,14,7,10,5,4,1,2,10.703363914373089,11.926605504587156,10.703363914373089,5.81039755351682,5.81039755351682,10.091743119266056,7.339449541284404,6.116207951070336,8.256880733944955,7.033639143730887,3.058103975535168,4.281345565749235,2.1406727828746175,3.058103975535168,1.529051987767584,1.2232415902140672,0.3058103975535168,0.6116207951070336
E00159839,349,23,25,26,19,16,16,12,24,28,30,28,23,24,11,20,12,9,3,6.59025787965616,7.163323782234957,7.4498567335243555,5.444126074498568,4.584527220630372,4.584527220630372,3.4383954154727796,6.876790830945559,8.022922636103152,8.595988538681947,8.022922636103152,6.59025787965616,6.876790830945559,3.151862464183381,5.730659025787966,3.4383954154727796,2.5787965616045847,0.8595988538681949
E00159840,292,12,12,9,11,12,20,12,18,23,16,11,30,30,20,25,13,9,9,4.10958904109589,4.10958904109589,3.0821917808219177,3.767123287671233,4.10958904109589,6.8493150684931505,4.10958904109589,6.164383561643835,7.876712328767123,5.47945205479452,3.767123287671233,10.273972602739725,10.273972602739725,6.8493150684931505,8.561643835616438,4.4520547945205475,3.0821917808219177,3.0821917808219177
E00159841,308,16,9,13,16,10,13,15,16,14,19,23,34,20,23,28,24,8,7,5.194805194805195,2.922077922077922,4.220779220779221,5.194805194805195,3.2467532467532463,4.220779220779221,4.870129870129871,5.194805194805195,4.545454545454546,6.1688311688311686,7.467532467532467,11.03896103896104,6.493506493506493,7.467532467532467,9.090909090909092,7.792207792207792,2.5974025974025974,2.272727272727273
E00159842,261,14,21,16,11,7,16,21,23,19,21,13,16,19,12,15,8,8,1,5.363984674329502,8.045977011494253,6.130268199233716,4.21455938697318,2.681992337164751,6.130268199233716,8.045977011494253,8.812260536398467,7.2796934865900385,8.045977011494253,4.980842911877394,6.130268199233716,7.2796934865900385,4.597701149425287,5.747126436781609,3.065134099616858,3.065134099616858,0.38314176245210724
E00159843,424,22,39,25,39,17,24,21,36,27,36,25,39,23,20,18,9,2,2,5.188679245283019,9.19811320754717,5.89622641509434,9.19811320754717,4.009433962264151,5.660377358490567,4.952830188679245,8.49056603773585,6.367924528301887,8.49056603773585,5.89622641509434,9.19811320754717,5.4245283018867925,4.716981132075472,4.245283018867925,2.1226415094339623,0.4716981132075472,0.4716981132075472
E00159844,364,29,35,35,18,23,15,28,28,34,31,24,17,15,9,9,10,2,2,7.967032967032966,9.615384615384617,9.615384615384617,4.945054945054945,6.318681318681318,4.1208791208791204,7.6923076923076925,7.6923076923076925,9.340659340659341,8.516483516483516,6.593406593406594,4.670329670329671,4.1208791208791204,2.4725274725274726,2.4725274725274726,2.7472527472527473,0.5494505494505495,0.5494505494505495
E00159845,364,22,24,19,22,17,24,22,34,28,18,34,28,16,9,14,12,11,10,6.043956043956044,6.593406593406594,5.21978021978022,6.043956043956044,4.670329670329671,6.593406593406594,6.043956043956044,9.340659340659341,7.6923076923076925,4.945054945054945,9.340659340659341,7.6923076923076925,4.395604395604396,2.4725274725274726,3.8461538461538463,3.296703296703297,3.021978021978022,2.7472527472527473
E00159846,315,21,47,35,19,10,15,25,22,23,14,25,23,15,5,7,5,2,2,6.666666666666667,14.920634920634921,11.11111111111111,6.031746031746032,3.1746031746031744,4.761904761904762,7.936507936507936,6.984126984126984,7.301587301587302,4.444444444444445,7.936507936507936,7.301587301587302,4.761904761904762,1.5873015873015872,2.2222222222222223,1.5873015873015872,0.6349206349206349,0.6349206349206349
E00159847,244,21,23,12,7,9,20,32,19,8,10,24,18,10,6,7,5,5,8,8.60655737704918,9.426229508196721,4.918032786885246,2.8688524590163933,3.6885245901639343,8.19672131147541,13.114754098360656,7.786885245901639,3.278688524590164,4.098360655737705,9.836065573770492,7.377049180327869,4.098360655737705,2.459016393442623,2.8688524590163933,2.0491803278688523,2.0491803278688523,3.278688524590164
E00159848,344,15,25,27,15,19,13,13,28,30,24,20,22,23,16,18,11,11,14,4.3604651162790695,7.267441860465117,7.848837209302325,4.3604651162790695,5.523255813953488,3.77906976744186,3.77906976744186,8.13953488372093,8.720930232558139,6.976744186046512,5.813953488372093,6.395348837209303,6.686046511627906,4.651162790697675,5.232558139534884,3.1976744186046515,3.1976744186046515,4.069767441860465
E00159849,325,27,21,10,14,16,10,25,19,20,15,24,22,21,19,14,22,11,15,8.307692307692308,6.461538461538462,3.076923076923077,4.3076923076923075,4.923076923076923,3.076923076923077,7.6923076923076925,5.846153846153846,6.153846153846154,4.615384615384616,7.384615384615385,6.769230769230769,6.461538461538462,5.846153846153846,4.3076923076923075,6.769230769230769,3.3846153846153846,4.615384615384616
E00159850,302,28,19,14,17,14,18,23,17,25,16,20,22,15,8,13,10,10,13,9.271523178807946,6.291390728476822,4.635761589403973,5.629139072847682,4.635761589403973,5.960264900662252,7.6158940397351,5.629139072847682,8.27814569536424,5.298013245033113,6.622516556291391,7.28476821192053,4.966887417218543,2.6490066225165565,4.304635761589404,3.3112582781456954,3.3112582781456954,4.304635761589404
E00159851,257,13,9,14,10,1,3,9,14,7,13,21,24,23,20,22,22,16,16,5.058365758754864,3.501945525291829,5.447470817120623,3.8910505836575875,0.38910505836575876,1.1673151750972763,3.501945525291829,5.447470817120623,2.7237354085603114,5.058365758754864,8.171206225680933,9.33852140077821,8.949416342412452,7.782101167315175,8.560311284046692,8.560311284046692,6.22568093385214,6.22568093385214
E00159852,301,14,21,24,12,18,13,30,23,17,17,27,24,22,13,7,6,8,5,4.651162790697675,6.976744186046512,7.973421926910299,3.9867109634551494,5.980066445182724,4.318936877076411,9.966777408637874,7.641196013289036,5.647840531561462,5.647840531561462,8.970099667774086,7.973421926910299,7.308970099667775,4.318936877076411,2.3255813953488373,1.9933554817275747,2.6578073089700998,1.6611295681063125
E00159853,326,12,13,24,23,21,12,20,15,13,37,32,31,16,19,9,9,11,9,3.6809815950920246,3.9877300613496933,7.361963190184049,7.05521472392638,6.441717791411043,3.6809815950920246,6.134969325153374,4.601226993865031,3.9877300613496933,11.349693251533742,9.815950920245399,9.509202453987731,4.9079754601226995,5.828220858895705,2.7607361963190185,2.7607361963190185,3.374233128834356,2.7607361963190185
E00159854,273,7,3,17,12,10,11,12,10,13,5,24,22,27,19,22,31,18,10,2.564102564102564,1.098901098901099,6.227106227106227,4.395604395604396,3.6630036630036633,4.029304029304029,4.395604395604396,3.6630036630036633,4.761904761904762,1.8315018315018317,8.791208791208792,8.058608058608058,9.89010989010989,6.95970695970696,8.058608058608058,11.355311355311356,6.593406593406594,3.6630036630036633
E00159855,341,16,18,7,16,13,10,17,24,18,21,19,26,24,17,30,26,21,18,4.69208211143695,5.278592375366569,2.0527859237536656,4.69208211143695,3.812316715542522,2.932551319648094,4.9853372434017595,7.038123167155426,5.278592375366569,6.158357771260997,5.571847507331378,7.624633431085044,7.038123167155426,4.9853372434017595,8.797653958944283,7.624633431085044,6.158357771260997,5.278592375366569
E00159856,338,17,22,21,21,22,19,21,26,20,29,28,21,13,18,18,8,7,7,5.029585798816568,6.508875739644971,6.21301775147929,6.21301775147929,6.508875739644971,5.621301775147929,6.21301775147929,7.6923076923076925,5.9171597633136095,8.579881656804734,8.284023668639055,6.21301775147929,3.8461538461538463,5.325443786982249,5.325443786982249,2.366863905325444,2.0710059171597637,2.0710059171597637
E00159857,397,15,28,40,32,26,9,14,27,31,38,30,32,21,18,8,8,10,10,3.7783375314861463,7.052896725440807,10.075566750629724,8.060453400503778,6.54911838790932,2.2670025188916876,3.5264483627204033,6.801007556675064,7.8085642317380355,9.571788413098236,7.5566750629722925,8.060453400503778,5.289672544080604,4.534005037783375,2.0151133501259446,2.0151133501259446,2.518891687657431,2.518891687657431
E00159858,295,9,17,21,9,10,10,21,19,16,20,23,20,14,26,22,17,15,6,3.050847457627119,5.762711864406779,7.118644067796611,3.050847457627119,3.389830508474576,3.389830508474576,7.118644067796611,6.440677966101695,5.423728813559322,6.779661016949152,7.796610169491526,6.779661016949152,4.745762711864407,8.813559322033898,7.457627118644068,5.762711864406779,5.084745762711865,2.0338983050847457
E00159859,345,21,16,11,19,25,30,22,24,20,28,25,18,15,15,19,14,3,20,6.086956521739131,4.63768115942029,3.1884057971014492,5.507246376811594,7.246376811594203,8.695652173913043,6.3768115942028984,6.956521739130435,5.797101449275362,8.115942028985506,7.246376811594203,5.217391304347826,4.3478260869565215,4.3478260869565215,5.507246376811594,4.057971014492753,0.8695652173913043,5.797101449275362
E00159860,296,5,15,19,20,9,11,13,17,20,26,34,22,16,13,14,17,8,17,1.6891891891891893,5.0675675675675675,6.418918918918918,6.756756756756757,3.040540540540541,3.7162162162162162,4.391891891891892,5.743243243243244,6.756756756756757,8.783783783783784,11.486486486486488,7.4324324324324325,5.405405405405405,4.391891891891892,4.72972972972973,5.743243243243244,2.7027027027027026,5.743243243243244
E00159861,326,16,28,18,18,16,26,21,29,25,16,25,31,21,10,11,9,3,3,4.9079754601226995,8.588957055214724,5.521472392638037,5.521472392638037,4.9079754601226995,7.975460122699387,6.441717791411043,8.895705521472392,7.668711656441718,4.9079754601226995,7.668711656441718,9.509202453987731,6.441717791411043,3.067484662576687,3.374233128834356,2.7607361963190185,0.9202453987730062,0.9202453987730062
E00159862,437,12,19,92,167,9,17,9,20,16,17,9,18,13,7,3,4,1,4,2.745995423340961,4.3478260869565215,21.052631578947366,38.215102974828376,2.059496567505721,3.8901601830663615,2.059496567505721,4.576659038901601,3.6613272311212817,3.8901601830663615,2.059496567505721,4.118993135011442,2.9748283752860414,1.6018306636155606,0.6864988558352403,0.9153318077803204,0.2288329519450801,0.9153318077803204
E00159863,328,7,12,18,17,16,12,11,13,10,23,32,23,24,28,34,23,13,12,2.1341463414634148,3.6585365853658534,5.487804878048781,5.182926829268292,4.878048780487805,3.6585365853658534,3.353658536585366,3.9634146341463414,3.048780487804878,7.01219512195122,9.75609756097561,7.01219512195122,7.317073170731707,8.536585365853659,10.365853658536585,7.01219512195122,3.9634146341463414,3.6585365853658534
E00159864,317,12,18,15,15,7,13,11,11,20,13,21,30,38,20,20,18,15,20,3.7854889589905363,5.678233438485805,4.73186119873817,4.73186119873817,2.2082018927444795,4.100946372239748,3.4700315457413247,3.4700315457413247,6.309148264984227,4.100946372239748,6.624605678233439,9.46372239747634,11.987381703470032,6.309148264984227,6.309148264984227,5.678233438485805,4.73186119873817,6.309148264984227
E00159865,344,14,16,21,9,12,17,19,19,26,22,18,34,24,18,36,22,12,5,4.069767441860465,4.651162790697675,6.104651162790697,2.616279069767442,3.488372093023256,4.941860465116279,5.523255813953488,5.523255813953488,7.55813953488372,6.395348837209303,5.232558139534884,9.883720930232558,6.976744186046512,5.232558139534884,10.465116279069768,6.395348837209303,3.488372093023256,1.4534883720930232
E00159866,304,10,18,16,14,13,7,10,14,19,32,17,13,25,28,24,16,12,16,3.289473684210526,5.921052631578947,5.263157894736842,4.605263157894736,4.276315789473684,2.302631578947368,3.289473684210526,4.605263157894736,6.25,10.526315789473683,5.592105263157895,4.276315789473684,8.223684210526317,9.210526315789473,7.894736842105263,5.263157894736842,3.9473684210526314,5.263157894736842
E00159867,377,27,33,43,20,20,23,25,34,31,22,26,20,14,11,9,5,11,3,7.161803713527852,8.753315649867375,11.405835543766578,5.305039787798409,5.305039787798409,6.10079575596817,6.631299734748011,9.018567639257293,8.222811671087534,5.835543766578249,6.896551724137931,5.305039787798409,3.7135278514588856,2.9177718832891246,2.3872679045092835,1.3262599469496021,2.9177718832891246,0.7957559681697612
E00159868,333,8,20,22,15,15,15,11,26,17,18,26,22,19,17,31,28,9,14,2.4024024024024024,6.006006006006006,6.606606606606606,4.504504504504505,4.504504504504505,4.504504504504505,3.303303303303303,7.807807807807808,5.105105105105105,5.405405405405405,7.807807807807808,6.606606606606606,5.7057057057057055,5.105105105105105,9.30930930930931,8.408408408408409,2.7027027027027026,4.2042042042042045
E00159869,302,13,14,16,5,10,17,19,14,18,16,26,18,23,20,26,20,9,18,4.304635761589404,4.635761589403973,5.298013245033113,1.6556291390728477,3.3112582781456954,5.629139072847682,6.291390728476822,4.635761589403973,5.960264900662252,5.298013245033113,8.609271523178808,5.960264900662252,7.6158940397351,6.622516556291391,8.609271523178808,6.622516556291391,2.980132450331126,5.960264900662252
E00159870,333,7,20,23,13,9,12,13,19,27,28,25,22,25,24,26,13,14,13,2.1021021021021022,6.006006006006006,6.906906906906906,3.903903903903904,2.7027027027027026,3.6036036036036037,3.903903903903904,5.7057057057057055,8.108108108108109,8.408408408408409,7.5075075075075075,6.606606606606606,7.5075075075075075,7.207207207207207,7.807807807807808,3.903903903903904,4.2042042042042045,3.903903903903904
E00159871,279,11,9,14,14,12,9,13,12,12,23,23,23,11,25,26,18,10,14,3.942652329749104,3.225806451612903,5.017921146953405,5.017921146953405,4.301075268817205,3.225806451612903,4.659498207885305,4.301075268817205,4.301075268817205,8.24372759856631,8.24372759856631,8.24372759856631,3.942652329749104,8.960573476702509,9.31899641577061,6.451612903225806,3.584229390681003,5.017921146953405
E00159872,372,27,31,29,17,18,16,30,23,23,34,34,31,19,12,12,8,3,5,7.258064516129033,8.333333333333332,7.795698924731183,4.56989247311828,4.838709677419355,4.301075268817205,8.064516129032258,6.182795698924731,6.182795698924731,9.13978494623656,9.13978494623656,8.333333333333332,5.10752688172043,3.225806451612903,3.225806451612903,2.1505376344086025,0.8064516129032258,1.3440860215053763
E00159873,491,25,42,46,32,21,22,33,32,51,41,32,40,18,14,17,13,7,5,5.091649694501019,8.55397148676171,9.368635437881874,6.517311608961303,4.276985743380855,4.480651731160896,6.720977596741344,6.517311608961303,10.386965376782078,8.350305498981669,6.517311608961303,8.146639511201629,3.6659877800407332,2.8513238289205702,3.462321792260693,2.6476578411405294,1.4256619144602851,1.0183299389002036
E00159874,299,6,12,12,11,8,12,13,20,8,16,19,25,19,17,36,25,19,21,2.0066889632107023,4.013377926421405,4.013377926421405,3.678929765886288,2.6755852842809364,4.013377926421405,4.3478260869565215,6.688963210702341,2.6755852842809364,5.351170568561873,6.354515050167224,8.361204013377927,6.354515050167224,5.68561872909699,12.040133779264215,8.361204013377927,6.354515050167224,7.023411371237458
E00159875,280,9,23,22,17,7,3,2,5,26,25,27,17,13,24,24,20,10,6,3.214285714285714,8.214285714285714,7.857142857142857,6.071428571428571,2.5,1.0714285714285714,0.7142857142857143,1.7857142857142856,9.285714285714286,8.928571428571429,9.642857142857144,6.071428571428571,4.642857142857143,8.571428571428571,8.571428571428571,7.142857142857142,3.571428571428571,2.142857142857143
E00159876,288,10,13,22,19,7,6,5,10,15,26,24,21,18,27,30,11,9,15,3.4722222222222223,4.513888888888888,7.638888888888889,6.597222222222222,2.430555555555556,2.083333333333333,1.7361111111111112,3.4722222222222223,5.208333333333334,9.027777777777777,8.333333333333332,7.291666666666667,6.25,9.375,10.416666666666668,3.8194444444444446,3.125,5.208333333333334
E00159877,368,19,18,18,28,18,13,14,20,20,39,33,34,22,24,21,11,4,12,5.163043478260869,4.891304347826087,4.891304347826087,7.608695652173914,4.891304347826087,3.532608695652174,3.804347826086957,5.434782608695652,5.434782608695652,10.597826086956522,8.967391304347826,9.239130434782608,5.978260869565218,6.521739130434782,5.706521739130435,2.989130434782609,1.0869565217391304,3.260869565217391
E00159878,409,18,29,31,25,25,16,24,28,35,36,44,27,22,15,15,7,5,7,4.400977995110025,7.090464547677261,7.579462102689487,6.112469437652812,6.112469437652812,3.9119804400977993,5.8679706601467,6.845965770171149,8.557457212713937,8.80195599022005,10.757946210268948,6.601466992665037,5.378973105134474,3.6674816625916873,3.6674816625916873,1.7114914425427872,1.2224938875305624,1.7114914425427872
E00159879,171,3,5,2,0,5,7,8,7,13,15,10,13,8,14,16,16,18,11,1.7543859649122806,2.923976608187134,1.1695906432748537,0,2.923976608187134,4.093567251461988,4.678362573099415,4.093567251461988,7.602339181286549,8.771929824561402,5.847953216374268,7.602339181286549,4.678362573099415,8.187134502923977,9.35672514619883,9.35672514619883,10.526315789473683,6.432748538011696
E00159880,281,14,12,17,12,11,14,9,20,15,24,19,19,23,21,21,17,9,4,4.98220640569395,4.270462633451958,6.049822064056939,4.270462633451958,3.9145907473309607,4.98220640569395,3.202846975088968,7.11743772241993,5.338078291814947,8.540925266903916,6.761565836298933,6.761565836298933,8.185053380782918,7.473309608540925,7.473309608540925,6.049822064056939,3.202846975088968,1.4234875444839856
E00159881,253,11,17,11,10,7,7,11,15,18,23,26,18,10,14,11,20,15,9,4.3478260869565215,6.719367588932807,4.3478260869565215,3.9525691699604746,2.766798418972332,2.766798418972332,4.3478260869565215,5.928853754940711,7.114624505928854,9.090909090909092,10.276679841897234,7.114624505928854,3.9525691699604746,5.533596837944664,4.3478260869565215,7.905138339920949,5.928853754940711,3.557312252964427
E00159883,256,13,12,5,3,21,32,24,15,15,17,23,18,15,13,16,8,2,4,5.078125,4.6875,1.953125,1.171875,8.203125,12.5,9.375,5.859375,5.859375,6.640625,8.984375,7.03125,5.859375,5.078125,6.25,3.125,0.78125,1.5625
E00159884,337,21,25,22,19,10,4,6,21,24,39,37,20,18,21,11,17,12,10,6.231454005934718,7.418397626112759,6.528189910979229,5.637982195845697,2.967359050445104,1.1869436201780417,1.7804154302670623,6.231454005934718,7.121661721068249,11.572700296735905,10.979228486646884,5.934718100890208,5.341246290801187,6.231454005934718,3.2640949554896146,5.044510385756676,3.5608308605341246,2.967359050445104
E00159885,280,7,18,18,19,10,5,9,4,22,25,18,26,29,15,19,17,8,11,2.5,6.428571428571428,6.428571428571428,6.785714285714286,3.571428571428571,1.7857142857142856,3.214285714285714,1.4285714285714286,7.857142857142857,8.928571428571429,6.428571428571428,9.285714285714286,10.357142857142858,5.357142857142857,6.785714285714286,6.071428571428571,2.857142857142857,3.9285714285714284
E00159886,285,13,12,17,12,8,13,7,4,17,23,26,34,21,17,25,18,7,11,4.56140350877193,4.2105263157894735,5.964912280701754,4.2105263157894735,2.807017543859649,4.56140350877193,2.456140350877193,1.4035087719298245,5.964912280701754,8.070175438596491,9.12280701754386,11.929824561403509,7.368421052631578,5.964912280701754,8.771929824561402,6.315789473684211,2.456140350877193,3.8596491228070176
E00159887,248,10,18,13,15,8,11,6,17,16,15,22,31,11,17,16,11,4,7,4.032258064516129,7.258064516129033,5.241935483870968,6.048387096774194,3.225806451612903,4.435483870967742,2.4193548387096775,6.854838709677419,6.451612903225806,6.048387096774194,8.870967741935484,12.5,4.435483870967742,6.854838709677419,6.451612903225806,4.435483870967742,1.6129032258064515,2.82258064516129
E00159888,241,12,5,8,19,14,12,6,14,18,21,26,14,18,14,15,13,5,7,4.979253112033195,2.0746887966804977,3.319502074688797,7.883817427385892,5.809128630705394,4.979253112033195,2.4896265560165975,5.809128630705394,7.468879668049793,8.71369294605809,10.78838174273859,5.809128630705394,7.468879668049793,5.809128630705394,6.224066390041494,5.394190871369295,2.0746887966804977,2.904564315352697
E00159889,266,25,24,20,17,10,11,14,31,21,22,15,21,11,13,2,2,6,1,9.398496240601503,9.022556390977442,7.518796992481203,6.390977443609022,3.7593984962406015,4.135338345864661,5.263157894736842,11.654135338345863,7.894736842105263,8.270676691729323,5.639097744360902,7.894736842105263,4.135338345864661,4.887218045112782,0.7518796992481203,0.7518796992481203,2.2556390977443606,0.37593984962406013
E00159890,346,16,37,37,21,19,28,26,17,22,26,31,20,19,8,7,4,5,3,4.624277456647398,10.69364161849711,10.69364161849711,6.069364161849711,5.491329479768786,8.092485549132949,7.514450867052023,4.913294797687861,6.358381502890173,7.514450867052023,8.959537572254336,5.780346820809249,5.491329479768786,2.312138728323699,2.023121387283237,1.1560693641618496,1.4450867052023122,0.8670520231213872
E00159891,297,14,15,15,16,11,15,19,11,14,18,25,29,19,24,17,18,10,7,4.713804713804714,5.05050505050505,5.05050505050505,5.387205387205387,3.7037037037037033,5.05050505050505,6.397306397306397,3.7037037037037033,4.713804713804714,6.0606060606060606,8.417508417508419,9.764309764309765,6.397306397306397,8.080808080808081,5.723905723905724,6.0606060606060606,3.3670033670033668,2.356902356902357
E00159892,394,30,21,15,24,15,24,27,23,17,27,23,26,18,28,23,20,19,14,7.614213197969544,5.32994923857868,3.807106598984772,6.091370558375635,3.807106598984772,6.091370558375635,6.852791878172589,5.83756345177665,4.314720812182741,6.852791878172589,5.83756345177665,6.598984771573605,4.568527918781726,7.1065989847715745,5.83756345177665,5.0761421319796955,4.822335025380711,3.5532994923857872
E00159893,346,27,23,22,15,19,22,20,28,18,28,24,25,17,19,14,11,10,4,7.803468208092486,6.6473988439306355,6.358381502890173,4.335260115606936,5.491329479768786,6.358381502890173,5.780346820809249,8.092485549132949,5.202312138728324,8.092485549132949,6.9364161849710975,7.225433526011561,4.913294797687861,5.491329479768786,4.046242774566474,3.1791907514450863,2.8901734104046244,1.1560693641618496
E00159894,223,16,10,11,7,11,13,13,7,8,9,14,15,10,17,16,16,14,16,7.174887892376682,4.484304932735426,4.932735426008969,3.1390134529147984,4.932735426008969,5.829596412556054,5.829596412556054,3.1390134529147984,3.587443946188341,4.0358744394618835,6.278026905829597,6.726457399103139,4.484304932735426,7.623318385650224,7.174887892376682,7.174887892376682,6.278026905829597,7.174887892376682
E00159895,363,20,23,32,21,17,12,29,38,29,25,18,30,18,15,15,7,8,6,5.5096418732782375,6.336088154269973,8.81542699724518,5.785123966942149,4.683195592286501,3.3057851239669422,7.988980716253444,10.46831955922865,7.988980716253444,6.887052341597796,4.958677685950414,8.264462809917356,4.958677685950414,4.132231404958678,4.132231404958678,1.9283746556473829,2.203856749311295,1.6528925619834711
E00159896,330,12,14,19,18,17,23,26,22,16,20,30,28,23,12,13,17,13,7,3.6363636363636362,4.242424242424243,5.757575757575758,5.454545454545454,5.151515151515151,6.969696969696971,7.878787878787878,6.666666666666667,4.848484848484849,6.0606060606060606,9.090909090909092,8.484848484848486,6.969696969696971,3.6363636363636362,3.939393939393939,5.151515151515151,3.939393939393939,2.1212121212121215
E00159897,357,17,23,26,27,18,18,15,21,31,25,30,29,15,25,12,11,3,11,4.761904761904762,6.442577030812324,7.282913165266107,7.563025210084033,5.042016806722689,5.042016806722689,4.201680672268908,5.88235294117647,8.683473389355742,7.002801120448179,8.403361344537815,8.123249299719888,4.201680672268908,7.002801120448179,3.361344537815126,3.081232492997199,0.8403361344537815,3.081232492997199
E00159898,296,18,14,17,16,12,6,24,11,15,17,16,20,25,15,26,27,10,7,6.081081081081082,4.72972972972973,5.743243243243244,5.405405405405405,4.054054054054054,2.027027027027027,8.108108108108109,3.7162162162162162,5.0675675675675675,5.743243243243244,5.405405405405405,6.756756756756757,8.445945945945946,5.0675675675675675,8.783783783783784,9.121621621621621,3.3783783783783785,2.364864864864865
E00159899,334,17,21,23,14,12,12,17,14,15,28,27,18,27,26,22,23,11,7,5.089820359281437,6.287425149700598,6.88622754491018,4.191616766467066,3.592814371257485,3.592814371257485,5.089820359281437,4.191616766467066,4.491017964071856,8.383233532934131,8.08383233532934,5.389221556886228,8.08383233532934,7.784431137724551,6.58682634730539,6.88622754491018,3.293413173652695,2.095808383233533
E00159900,290,13,16,12,8,8,16,18,18,14,14,10,15,31,25,21,27,14,10,4.482758620689655,5.517241379310345,4.137931034482759,2.7586206896551726,2.7586206896551726,5.517241379310345,6.206896551724138,6.206896551724138,4.827586206896552,4.827586206896552,3.4482758620689653,5.172413793103448,10.689655172413794,8.620689655172415,7.241379310344828,9.310344827586208,4.827586206896552,3.4482758620689653
E00159901,264,18,16,8,8,19,27,15,13,8,22,17,24,13,19,14,10,6,7,6.8181818181818175,6.0606060606060606,3.0303030303030303,3.0303030303030303,7.196969696969697,10.227272727272728,5.681818181818182,4.924242424242424,3.0303030303030303,8.333333333333332,6.4393939393939394,9.090909090909092,4.924242424242424,7.196969696969697,5.303030303030303,3.787878787878788,2.272727272727273,2.6515151515151514
E00159902,361,27,20,16,15,15,17,30,20,23,40,28,21,26,12,20,15,10,6,7.479224376731302,5.540166204986149,4.43213296398892,4.1551246537396125,4.1551246537396125,4.7091412742382275,8.310249307479225,5.540166204986149,6.3711911357340725,11.080332409972298,7.756232686980609,5.8171745152354575,7.202216066481995,3.32409972299169,5.540166204986149,4.1551246537396125,2.7700831024930745,1.662049861495845
E00159903,315,23,14,22,19,24,25,26,15,19,18,21,21,21,13,15,7,7,5,7.301587301587302,4.444444444444445,6.984126984126984,6.031746031746032,7.6190476190476195,7.936507936507936,8.253968253968253,4.761904761904762,6.031746031746032,5.714285714285714,6.666666666666667,6.666666666666667,6.666666666666667,4.1269841269841265,4.761904761904762,2.2222222222222223,2.2222222222222223,1.5873015873015872
E00159904,362,16,16,24,14,17,12,25,23,22,21,31,43,22,17,23,12,11,13,4.41988950276243,4.41988950276243,6.629834254143646,3.867403314917127,4.696132596685083,3.314917127071823,6.906077348066299,6.353591160220995,6.077348066298343,5.801104972375691,8.56353591160221,11.878453038674033,6.077348066298343,4.696132596685083,6.353591160220995,3.314917127071823,3.0386740331491713,3.591160220994475
E00159905,250,9,7,7,4,5,5,6,11,6,7,11,25,17,23,33,27,26,21,3.5999999999999996,2.8000000000000003,2.8000000000000003,1.6,2,2,2.4,4.3999999999999995,2.4,2.8000000000000003,4.3999999999999995,10,6.800000000000001,9.2,13.200000000000001,10.8,10.4,8.4
E00159906,272,13,6,11,14,10,12,14,13,22,13,13,13,19,14,19,21,26,19,4.779411764705882,2.2058823529411766,4.044117647058823,5.147058823529411,3.6764705882352944,4.411764705882353,5.147058823529411,4.779411764705882,8.088235294117647,4.779411764705882,4.779411764705882,4.779411764705882,6.985294117647059,5.147058823529411,6.985294117647059,7.720588235294118,9.558823529411764,6.985294117647059
E00159907,254,7,10,17,7,5,6,11,15,15,15,18,11,14,21,28,29,14,11,2.7559055118110236,3.937007874015748,6.692913385826772,2.7559055118110236,1.968503937007874,2.3622047244094486,4.330708661417323,5.905511811023622,5.905511811023622,5.905511811023622,7.086614173228346,4.330708661417323,5.511811023622047,8.267716535433072,11.023622047244094,11.41732283464567,5.511811023622047,4.330708661417323
E00159908,251,15,14,17,13,16,14,19,19,14,17,22,10,18,17,6,11,4,5,5.9760956175298805,5.577689243027888,6.772908366533864,5.179282868525896,6.374501992031872,5.577689243027888,7.569721115537849,7.569721115537849,5.577689243027888,6.772908366533864,8.764940239043826,3.9840637450199203,7.171314741035857,6.772908366533864,2.3904382470119523,4.382470119521913,1.593625498007968,1.9920318725099602
E00159909,300,12,17,12,10,8,16,19,18,21,18,26,22,19,12,19,21,17,13,4,5.666666666666666,4,3.3333333333333335,2.666666666666667,5.333333333333334,6.333333333333334,6,7.000000000000001,6,8.666666666666668,7.333333333333333,6.333333333333334,4,6.333333333333334,7.000000000000001,5.666666666666666,4.333333333333334
E00159910,244,9,9,13,7,6,13,10,7,13,15,25,22,20,12,23,10,17,13,3.6885245901639343,3.6885245901639343,5.327868852459016,2.8688524590163933,2.459016393442623,5.327868852459016,4.098360655737705,2.8688524590163933,5.327868852459016,6.147540983606557,10.245901639344263,9.01639344262295,8.19672131147541,4.918032786885246,9.426229508196721,4.098360655737705,6.967213114754098,5.327868852459016
E00159911,224,7,2,6,0,12,8,16,7,9,18,11,16,18,19,21,25,15,14,3.125,0.8928571428571428,2.6785714285714284,0,5.357142857142857,3.571428571428571,7.142857142857142,3.125,4.017857142857143,8.035714285714286,4.910714285714286,7.142857142857142,8.035714285714286,8.482142857142858,9.375,11.160714285714286,6.696428571428571,6.25
E00159912,313,18,24,21,25,17,13,22,20,24,19,20,18,13,14,13,18,9,5,5.7507987220447285,7.667731629392971,6.7092651757188495,7.987220447284344,5.431309904153355,4.15335463258786,7.0287539936102235,6.3897763578274756,7.667731629392971,6.070287539936102,6.3897763578274756,5.7507987220447285,4.15335463258786,4.472843450479233,4.15335463258786,5.7507987220447285,2.8753993610223643,1.5974440894568689
E00159913,309,14,26,22,18,25,10,22,16,26,31,18,23,15,12,13,7,8,3,4.53074433656958,8.414239482200648,7.119741100323624,5.825242718446602,8.090614886731391,3.2362459546925564,7.119741100323624,5.177993527508091,8.414239482200648,10.032362459546926,5.825242718446602,7.443365695792881,4.854368932038835,3.8834951456310676,4.207119741100324,2.26537216828479,2.5889967637540456,0.9708737864077669
E00159914,366,12,35,15,13,10,20,19,19,30,24,17,20,17,17,25,21,15,37,3.278688524590164,9.562841530054644,4.098360655737705,3.551912568306011,2.73224043715847,5.46448087431694,5.191256830601093,5.191256830601093,8.19672131147541,6.557377049180328,4.644808743169399,5.46448087431694,4.644808743169399,4.644808743169399,6.830601092896176,5.737704918032787,4.098360655737705,10.10928961748634
E00159915,299,17,17,23,21,17,14,17,25,24,24,20,15,16,18,8,14,5,4,5.68561872909699,5.68561872909699,7.6923076923076925,7.023411371237458,5.68561872909699,4.682274247491638,5.68561872909699,8.361204013377927,8.02675585284281,8.02675585284281,6.688963210702341,5.016722408026756,5.351170568561873,6.0200668896321075,2.6755852842809364,4.682274247491638,1.6722408026755853,1.3377926421404682
E00159916,326,15,20,25,34,16,15,20,26,32,13,23,22,15,14,16,6,6,8,4.601226993865031,6.134969325153374,7.668711656441718,10.429447852760736,4.9079754601226995,4.601226993865031,6.134969325153374,7.975460122699387,9.815950920245399,3.9877300613496933,7.05521472392638,6.748466257668712,4.601226993865031,4.294478527607362,4.9079754601226995,1.8404907975460123,1.8404907975460123,2.4539877300613497
E00159917,316,12,25,29,22,21,20,19,15,22,22,19,16,17,17,14,13,5,8,3.79746835443038,7.9113924050632916,9.177215189873419,6.962025316455696,6.6455696202531636,6.329113924050633,6.012658227848101,4.746835443037975,6.962025316455696,6.962025316455696,6.012658227848101,5.063291139240507,5.379746835443038,5.379746835443038,4.430379746835443,4.113924050632911,1.5822784810126582,2.5316455696202533
E00159919,224,8,15,12,6,0,0,11,18,14,14,15,10,16,12,27,13,11,22,3.571428571428571,6.696428571428571,5.357142857142857,2.6785714285714284,0,0,4.910714285714286,8.035714285714286,6.25,6.25,6.696428571428571,4.464285714285714,7.142857142857142,5.357142857142857,12.053571428571429,5.803571428571429,4.910714285714286,9.821428571428571
E00159920,450,34,36,45,25,18,31,28,34,27,33,35,21,17,18,23,14,7,4,7.555555555555555,8,10,5.555555555555555,4,6.888888888888889,6.222222222222222,7.555555555555555,6,7.333333333333333,7.777777777777778,4.666666666666667,3.7777777777777777,4,5.111111111111112,3.111111111111111,1.5555555555555556,0.8888888888888888
E00159921,302,20,25,22,12,10,19,11,31,28,21,22,19,7,14,11,15,10,5,6.622516556291391,8.27814569536424,7.28476821192053,3.9735099337748347,3.3112582781456954,6.291390728476822,3.642384105960265,10.264900662251655,9.271523178807946,6.95364238410596,7.28476821192053,6.291390728476822,2.3178807947019866,4.635761589403973,3.642384105960265,4.966887417218543,3.3112582781456954,1.6556291390728477
E00159922,284,10,15,21,15,12,15,13,9,10,39,19,16,11,16,26,13,9,15,3.5211267605633805,5.28169014084507,7.394366197183098,5.28169014084507,4.225352112676056,5.28169014084507,4.577464788732395,3.169014084507042,3.5211267605633805,13.732394366197184,6.690140845070422,5.633802816901409,3.873239436619718,5.633802816901409,9.15492957746479,4.577464788732395,3.169014084507042,5.28169014084507
E00159923,338,7,27,18,25,24,16,12,19,24,15,30,27,22,19,7,14,11,21,2.0710059171597637,7.988165680473373,5.325443786982249,7.396449704142012,7.100591715976331,4.733727810650888,3.5502958579881656,5.621301775147929,7.100591715976331,4.437869822485207,8.875739644970414,7.988165680473373,6.508875739644971,5.621301775147929,2.0710059171597637,4.142011834319527,3.2544378698224854,6.21301775147929
E00159924,373,19,23,23,32,21,20,20,23,22,32,34,33,19,16,18,5,7,6,5.093833780160858,6.166219839142091,6.166219839142091,8.579088471849866,5.630026809651475,5.361930294906166,5.361930294906166,6.166219839142091,5.898123324396782,8.579088471849866,9.115281501340483,8.847184986595174,5.093833780160858,4.289544235924933,4.825737265415549,1.3404825737265416,1.876675603217158,1.6085790884718498
E00159925,411,24,24,29,32,14,15,25,30,23,30,31,23,19,16,17,13,12,34,5.839416058394161,5.839416058394161,7.0559610705596105,7.785888077858881,3.40632603406326,3.64963503649635,6.082725060827251,7.2992700729927,5.59610705596107,7.2992700729927,7.542579075425791,5.59610705596107,4.622871046228711,3.8929440389294405,4.13625304136253,3.1630170316301705,2.9197080291970803,8.27250608272506
E00159926,342,15,25,29,15,8,9,18,18,29,34,40,29,17,17,16,13,6,4,4.385964912280701,7.309941520467836,8.47953216374269,4.385964912280701,2.3391812865497075,2.631578947368421,5.263157894736842,5.263157894736842,8.47953216374269,9.941520467836257,11.695906432748536,8.47953216374269,4.970760233918129,4.970760233918129,4.678362573099415,3.8011695906432745,1.7543859649122806,1.1695906432748537
E00159927,165,11,10,3,4,5,20,23,9,12,9,14,12,15,6,6,4,2,0,6.666666666666667,6.0606060606060606,1.8181818181818181,2.4242424242424243,3.0303030303030303,12.121212121212121,13.939393939393941,5.454545454545454,7.2727272727272725,5.454545454545454,8.484848484848486,7.2727272727272725,9.090909090909092,3.6363636363636362,3.6363636363636362,2.4242424242424243,1.2121212121212122,0
E00159930,345,18,18,15,9,10,20,16,21,24,21,27,27,25,22,25,22,12,13,5.217391304347826,5.217391304347826,4.3478260869565215,2.608695652173913,2.898550724637681,5.797101449275362,4.63768115942029,6.086956521739131,6.956521739130435,6.086956521739131,7.82608695652174,7.82608695652174,7.246376811594203,6.3768115942028984,7.246376811594203,6.3768115942028984,3.4782608695652173,3.768115942028986
E00159931,238,4,13,7,7,6,18,9,11,11,10,7,10,16,15,26,14,20,34,1.680672268907563,5.46218487394958,2.941176470588235,2.941176470588235,2.5210084033613445,7.563025210084033,3.7815126050420167,4.621848739495799,4.621848739495799,4.201680672268908,2.941176470588235,4.201680672268908,6.722689075630252,6.302521008403361,10.92436974789916,5.88235294117647,8.403361344537815,14.285714285714285
E00159932,467,14,34,27,21,15,27,30,35,35,58,33,39,26,13,25,19,7,9,2.9978586723768736,7.28051391862955,5.781584582441114,4.496788008565311,3.2119914346895073,5.781584582441114,6.423982869379015,7.494646680942184,7.494646680942184,12.419700214132762,7.066381156316917,8.35117773019272,5.567451820128479,2.7837259100642395,5.353319057815846,4.068522483940043,1.4989293361884368,1.9271948608137044
E00159933,380,12,33,24,8,7,8,13,24,24,19,29,22,30,32,39,24,15,17,3.1578947368421053,8.68421052631579,6.315789473684211,2.1052631578947367,1.8421052631578945,2.1052631578947367,3.421052631578948,6.315789473684211,6.315789473684211,5,7.631578947368421,5.7894736842105265,7.894736842105263,8.421052631578947,10.263157894736842,6.315789473684211,3.9473684210526314,4.473684210526316
E00159934,309,19,25,21,14,4,12,10,14,25,27,28,25,14,18,23,17,6,7,6.148867313915858,8.090614886731391,6.796116504854369,4.53074433656958,1.2944983818770228,3.8834951456310676,3.2362459546925564,4.53074433656958,8.090614886731391,8.737864077669903,9.06148867313916,8.090614886731391,4.53074433656958,5.825242718446602,7.443365695792881,5.501618122977346,1.9417475728155338,2.26537216828479
E00159935,291,17,18,17,13,10,5,10,13,20,29,27,14,30,22,27,12,2,5,5.841924398625429,6.185567010309279,5.841924398625429,4.4673539518900345,3.436426116838488,1.718213058419244,3.436426116838488,4.4673539518900345,6.872852233676976,9.965635738831615,9.278350515463918,4.810996563573884,10.309278350515463,7.560137457044673,9.278350515463918,4.123711340206185,0.6872852233676976,1.718213058419244
E00159936,312,17,29,26,11,2,10,11,25,27,26,20,11,13,20,24,21,15,4,5.448717948717949,9.294871794871796,8.333333333333332,3.5256410256410255,0.641025641025641,3.205128205128205,3.5256410256410255,8.012820512820513,8.653846153846153,8.333333333333332,6.41025641025641,3.5256410256410255,4.166666666666666,6.41025641025641,7.6923076923076925,6.730769230769231,4.807692307692308,1.282051282051282
E00159937,309,15,24,23,14,12,8,15,9,24,19,21,12,29,17,25,24,9,9,4.854368932038835,7.766990291262135,7.443365695792881,4.53074433656958,3.8834951456310676,2.5889967637540456,4.854368932038835,2.912621359223301,7.766990291262135,6.148867313915858,6.796116504854369,3.8834951456310676,9.385113268608414,5.501618122977346,8.090614886731391,7.766990291262135,2.912621359223301,2.912621359223301
E00159938,323,9,15,14,17,8,6,13,7,16,20,29,22,27,25,36,13,19,27,2.786377708978328,4.643962848297214,4.3343653250774,5.263157894736842,2.476780185758514,1.8575851393188854,4.024767801857585,2.1671826625387,4.953560371517028,6.191950464396285,8.978328173374612,6.811145510835913,8.359133126934983,7.739938080495357,11.145510835913312,4.024767801857585,5.88235294117647,8.359133126934983
E00159939,194,10,13,11,7,2,12,5,16,17,13,9,12,11,11,14,19,6,6,5.154639175257731,6.701030927835052,5.670103092783505,3.608247422680412,1.0309278350515463,6.185567010309279,2.5773195876288657,8.24742268041237,8.762886597938143,6.701030927835052,4.639175257731959,6.185567010309279,5.670103092783505,5.670103092783505,7.216494845360824,9.793814432989691,3.0927835051546393,3.0927835051546393
E00159940,288,3,12,15,13,14,2,6,11,13,21,20,23,12,17,19,32,24,31,1.0416666666666665,4.166666666666666,5.208333333333334,4.513888888888888,4.861111111111112,0.6944444444444444,2.083333333333333,3.8194444444444446,4.513888888888888,7.291666666666667,6.944444444444445,7.986111111111111,4.166666666666666,5.902777777777778,6.597222222222222,11.11111111111111,8.333333333333332,10.76388888888889
E00159941,188,11,11,6,10,3,7,14,7,12,15,9,16,14,13,18,12,6,4,5.851063829787234,5.851063829787234,3.1914893617021276,5.319148936170213,1.5957446808510638,3.723404255319149,7.446808510638298,3.723404255319149,6.382978723404255,7.9787234042553195,4.787234042553192,8.51063829787234,7.446808510638298,6.914893617021277,9.574468085106384,6.382978723404255,3.1914893617021276,2.127659574468085
E00159942,294,15,11,15,13,14,17,12,10,18,19,22,26,28,21,18,17,8,10,5.1020408163265305,3.741496598639456,5.1020408163265305,4.421768707482993,4.761904761904762,5.782312925170068,4.081632653061225,3.4013605442176873,6.122448979591836,6.462585034013606,7.482993197278912,8.843537414965986,9.523809523809524,7.142857142857142,6.122448979591836,5.782312925170068,2.7210884353741496,3.4013605442176873
E00159943,241,9,10,9,6,8,7,11,19,19,9,19,18,13,16,19,16,16,17,3.7344398340248963,4.149377593360995,3.7344398340248963,2.4896265560165975,3.319502074688797,2.904564315352697,4.564315352697095,7.883817427385892,7.883817427385892,3.7344398340248963,7.883817427385892,7.468879668049793,5.394190871369295,6.639004149377594,7.883817427385892,6.639004149377594,6.639004149377594,7.053941908713693
E00159944,279,10,15,17,12,10,8,9,12,18,24,8,16,25,24,36,12,11,12,3.584229390681003,5.376344086021505,6.093189964157706,4.301075268817205,3.584229390681003,2.867383512544803,3.225806451612903,4.301075268817205,6.451612903225806,8.60215053763441,2.867383512544803,5.734767025089606,8.960573476702509,8.60215053763441,12.903225806451612,4.301075268817205,3.942652329749104,4.301075268817205
E00159945,489,26,35,36,25,20,26,29,34,33,34,35,34,24,32,27,10,11,18,5.316973415132924,7.157464212678937,7.361963190184049,5.112474437627812,4.08997955010225,5.316973415132924,5.930470347648262,6.952965235173824,6.748466257668712,6.952965235173824,7.157464212678937,6.952965235173824,4.9079754601226995,6.5439672801636,5.521472392638037,2.044989775051125,2.2494887525562373,3.6809815950920246
E00159946,329,16,13,19,17,20,19,23,20,11,25,22,36,16,16,16,16,13,11,4.86322188449848,3.951367781155015,5.775075987841945,5.167173252279635,6.079027355623101,5.775075987841945,6.990881458966565,6.079027355623101,3.343465045592705,7.598784194528875,6.68693009118541,10.94224924012158,4.86322188449848,4.86322188449848,4.86322188449848,4.86322188449848,3.951367781155015,3.343465045592705
E00159947,200,6,8,7,3,6,10,12,10,9,11,10,13,8,21,27,17,9,13,3,4,3.5000000000000004,1.5,3,5,6,5,4.5,5.5,5,6.5,4,10.5,13.5,8.5,4.5,6.5
E00159948,306,21,21,25,13,9,15,22,18,33,21,24,17,15,13,14,10,12,3,6.862745098039216,6.862745098039216,8.169934640522875,4.248366013071895,2.941176470588235,4.901960784313726,7.18954248366013,5.88235294117647,10.784313725490197,6.862745098039216,7.8431372549019605,5.555555555555555,4.901960784313726,4.248366013071895,4.57516339869281,3.2679738562091507,3.9215686274509802,0.9803921568627451
E00159949,289,12,19,19,23,29,25,14,7,21,34,35,23,19,2,5,0,2,0,4.1522491349480966,6.5743944636678195,6.5743944636678195,7.958477508650519,10.034602076124568,8.650519031141869,4.844290657439446,2.422145328719723,7.26643598615917,11.76470588235294,12.110726643598616,7.958477508650519,6.5743944636678195,0.6920415224913495,1.7301038062283738,0,0.6920415224913495,0
E00159950,457,47,41,16,10,15,31,51,41,33,27,16,18,27,19,16,20,9,20,10.284463894967178,8.971553610503284,3.50109409190372,2.1881838074398248,3.282275711159737,6.783369803063458,11.159737417943107,8.971553610503284,7.2210065645514225,5.908096280087528,3.50109409190372,3.938730853391685,5.908096280087528,4.157549234135667,3.50109409190372,4.3763676148796495,1.9693654266958425,4.3763676148796495
E00159951,394,12,30,38,30,17,9,18,32,29,35,40,28,15,15,10,14,11,11,3.0456852791878175,7.614213197969544,9.644670050761421,7.614213197969544,4.314720812182741,2.284263959390863,4.568527918781726,8.121827411167512,7.3604060913705585,8.883248730964468,10.152284263959391,7.1065989847715745,3.807106598984772,3.807106598984772,2.5380710659898478,3.5532994923857872,2.7918781725888326,2.7918781725888326
E00159952,315,12,13,25,17,10,9,12,18,20,28,15,23,25,22,26,22,12,6,3.8095238095238098,4.1269841269841265,7.936507936507936,5.396825396825397,3.1746031746031744,2.857142857142857,3.8095238095238098,5.714285714285714,6.349206349206349,8.88888888888889,4.761904761904762,7.301587301587302,7.936507936507936,6.984126984126984,8.253968253968253,6.984126984126984,3.8095238095238098,1.9047619047619049
E00159953,224,10,13,13,8,10,13,17,13,7,12,16,18,10,11,21,12,10,10,4.464285714285714,5.803571428571429,5.803571428571429,3.571428571428571,4.464285714285714,5.803571428571429,7.5892857142857135,5.803571428571429,3.125,5.357142857142857,7.142857142857142,8.035714285714286,4.464285714285714,4.910714285714286,9.375,5.357142857142857,4.464285714285714,4.464285714285714
E00159954,481,29,39,46,46,44,15,25,30,24,40,27,25,28,31,17,3,6,6,6.029106029106029,8.108108108108109,9.563409563409564,9.563409563409564,9.147609147609149,3.118503118503119,5.197505197505198,6.237006237006238,4.98960498960499,8.316008316008316,5.613305613305614,5.197505197505198,5.8212058212058215,6.4449064449064455,3.5343035343035343,0.6237006237006237,1.2474012474012475,1.2474012474012475
E00159955,244,12,18,16,14,10,10,21,14,8,22,18,21,8,10,11,8,13,10,4.918032786885246,7.377049180327869,6.557377049180328,5.737704918032787,4.098360655737705,4.098360655737705,8.60655737704918,5.737704918032787,3.278688524590164,9.01639344262295,7.377049180327869,8.60655737704918,3.278688524590164,4.098360655737705,4.508196721311475,3.278688524590164,5.327868852459016,4.098360655737705
E00159956,300,25,18,23,19,20,22,24,23,13,14,22,26,20,12,6,5,4,4,8.333333333333332,6,7.666666666666666,6.333333333333334,6.666666666666667,7.333333333333333,8,7.666666666666666,4.333333333333334,4.666666666666667,7.333333333333333,8.666666666666668,6.666666666666667,4,2,1.6666666666666667,1.3333333333333335,1.3333333333333335
E00159957,241,9,14,9,8,4,4,11,8,16,19,12,16,13,16,18,22,28,14,3.7344398340248963,5.809128630705394,3.7344398340248963,3.319502074688797,1.6597510373443984,1.6597510373443984,4.564315352697095,3.319502074688797,6.639004149377594,7.883817427385892,4.979253112033195,6.639004149377594,5.394190871369295,6.639004149377594,7.468879668049793,9.12863070539419,11.618257261410788,5.809128630705394
E00159958,205,17,6,11,2,7,13,17,13,10,9,8,15,14,12,18,11,14,8,8.292682926829269,2.9268292682926833,5.365853658536586,0.975609756097561,3.414634146341464,6.341463414634147,8.292682926829269,6.341463414634147,4.878048780487805,4.390243902439024,3.902439024390244,7.317073170731707,6.829268292682928,5.853658536585367,8.780487804878048,5.365853658536586,6.829268292682928,3.902439024390244
E00159959,248,14,14,11,13,9,16,4,16,18,14,24,25,18,13,16,8,12,3,5.64516129032258,5.64516129032258,4.435483870967742,5.241935483870968,3.6290322580645165,6.451612903225806,1.6129032258064515,6.451612903225806,7.258064516129033,5.64516129032258,9.67741935483871,10.080645161290322,7.258064516129033,5.241935483870968,6.451612903225806,3.225806451612903,4.838709677419355,1.2096774193548387
E00159960,292,12,26,24,10,9,14,25,24,22,23,15,31,23,6,8,11,6,3,4.10958904109589,8.904109589041095,8.21917808219178,3.4246575342465753,3.0821917808219177,4.794520547945205,8.561643835616438,8.21917808219178,7.534246575342466,7.876712328767123,5.136986301369863,10.616438356164384,7.876712328767123,2.054794520547945,2.73972602739726,3.767123287671233,2.054794520547945,1.0273972602739725
E00159961,394,16,27,11,13,16,19,25,22,17,21,30,30,21,31,23,16,23,33,4.060913705583756,6.852791878172589,2.7918781725888326,3.2994923857868024,4.060913705583756,4.822335025380711,6.345177664974619,5.583756345177665,4.314720812182741,5.32994923857868,7.614213197969544,7.614213197969544,5.32994923857868,7.868020304568528,5.83756345177665,4.060913705583756,5.83756345177665,8.375634517766498
E00159962,293,16,22,17,11,5,10,15,25,20,26,16,16,29,18,12,19,9,7,5.460750853242321,7.508532423208192,5.802047781569966,3.754266211604096,1.7064846416382253,3.4129692832764507,5.1194539249146755,8.532423208191126,6.825938566552901,8.873720136518772,5.460750853242321,5.460750853242321,9.897610921501707,6.143344709897611,4.09556313993174,6.484641638225256,3.0716723549488054,2.3890784982935154
E00159963,321,28,25,23,18,10,14,30,30,28,19,23,25,10,6,11,10,6,5,8.722741433021806,7.78816199376947,7.165109034267912,5.607476635514018,3.115264797507788,4.361370716510903,9.345794392523365,9.345794392523365,8.722741433021806,5.919003115264798,7.165109034267912,7.78816199376947,3.115264797507788,1.8691588785046727,3.4267912772585665,3.115264797507788,1.8691588785046727,1.557632398753894
E00159964,314,13,25,16,13,5,13,10,21,25,17,18,21,35,11,23,13,25,10,4.140127388535031,7.961783439490445,5.095541401273886,4.140127388535031,1.5923566878980893,4.140127388535031,3.1847133757961785,6.687898089171974,7.961783439490445,5.414012738853503,5.7324840764331215,6.687898089171974,11.146496815286625,3.5031847133757963,7.32484076433121,4.140127388535031,7.961783439490445,3.1847133757961785
E00159965,217,17,8,13,13,11,21,18,13,19,18,10,10,14,12,8,6,3,3,7.834101382488479,3.686635944700461,5.990783410138248,5.990783410138248,5.0691244239631335,9.67741935483871,8.294930875576037,5.990783410138248,8.755760368663594,8.294930875576037,4.6082949308755765,4.6082949308755765,6.451612903225806,5.529953917050691,3.686635944700461,2.7649769585253456,1.3824884792626728,1.3824884792626728
E00159966,217,3,13,7,11,10,10,6,10,7,17,13,16,14,13,21,19,14,13,1.3824884792626728,5.990783410138248,3.225806451612903,5.0691244239631335,4.6082949308755765,4.6082949308755765,2.7649769585253456,4.6082949308755765,3.225806451612903,7.834101382488479,5.990783410138248,7.373271889400922,6.451612903225806,5.990783410138248,9.67741935483871,8.755760368663594,6.451612903225806,5.990783410138248
E00159967,344,17,28,26,22,14,19,18,19,23,22,23,25,15,13,18,19,13,10,4.941860465116279,8.13953488372093,7.55813953488372,6.395348837209303,4.069767441860465,5.523255813953488,5.232558139534884,5.523255813953488,6.686046511627906,6.395348837209303,6.686046511627906,7.267441860465117,4.3604651162790695,3.77906976744186,5.232558139534884,5.523255813953488,3.77906976744186,2.9069767441860463
E00159968,315,14,23,22,21,11,14,20,24,23,28,20,24,20,16,16,9,9,1,4.444444444444445,7.301587301587302,6.984126984126984,6.666666666666667,3.492063492063492,4.444444444444445,6.349206349206349,7.6190476190476195,7.301587301587302,8.88888888888889,6.349206349206349,7.6190476190476195,6.349206349206349,5.079365079365079,5.079365079365079,2.857142857142857,2.857142857142857,0.31746031746031744
E00159969,226,9,4,17,8,15,15,10,11,17,17,21,27,9,7,16,12,5,6,3.982300884955752,1.7699115044247788,7.52212389380531,3.5398230088495577,6.637168141592921,6.637168141592921,4.424778761061947,4.867256637168142,7.52212389380531,7.52212389380531,9.29203539823009,11.946902654867257,3.982300884955752,3.0973451327433628,7.079646017699115,5.3097345132743365,2.2123893805309733,2.6548672566371683
E00159970,280,18,13,8,14,11,20,21,15,12,25,21,22,14,19,12,12,11,12,6.428571428571428,4.642857142857143,2.857142857142857,5,3.9285714285714284,7.142857142857142,7.5,5.357142857142857,4.285714285714286,8.928571428571429,7.5,7.857142857142857,5,6.785714285714286,4.285714285714286,4.285714285714286,3.9285714285714284,4.285714285714286
E00159971,288,11,20,18,15,8,7,14,11,14,15,16,20,14,22,21,15,19,28,3.8194444444444446,6.944444444444445,6.25,5.208333333333334,2.7777777777777777,2.430555555555556,4.861111111111112,3.8194444444444446,4.861111111111112,5.208333333333334,5.555555555555555,6.944444444444445,4.861111111111112,7.638888888888889,7.291666666666667,5.208333333333334,6.597222222222222,9.722222222222223
E00159972,262,17,15,17,15,6,27,27,18,12,14,19,16,17,14,10,11,3,4,6.488549618320611,5.7251908396946565,6.488549618320611,5.7251908396946565,2.2900763358778624,10.305343511450381,10.305343511450381,6.870229007633588,4.580152671755725,5.343511450381679,7.251908396946565,6.106870229007633,6.488549618320611,5.343511450381679,3.816793893129771,4.198473282442748,1.1450381679389312,1.5267175572519083
E00159973,394,23,36,27,32,15,15,33,32,35,35,16,23,10,17,12,16,7,10,5.83756345177665,9.137055837563452,6.852791878172589,8.121827411167512,3.807106598984772,3.807106598984772,8.375634517766498,8.121827411167512,8.883248730964468,8.883248730964468,4.060913705583756,5.83756345177665,2.5380710659898478,4.314720812182741,3.0456852791878175,4.060913705583756,1.7766497461928936,2.5380710659898478
E00159974,187,4,0,3,5,5,8,4,11,11,18,23,15,24,19,14,15,5,3,2.13903743315508,0,1.6042780748663104,2.6737967914438503,2.6737967914438503,4.27807486631016,2.13903743315508,5.88235294117647,5.88235294117647,9.62566844919786,12.299465240641712,8.0213903743315509,12.834224598930483,10.16042780748663,7.4866310160427805,8.0213903743315509,2.6737967914438503,1.6042780748663104
E00159975,308,22,28,16,4,13,11,31,23,21,14,18,17,17,15,15,9,24,10,7.142857142857142,9.090909090909092,5.194805194805195,1.2987012987012987,4.220779220779221,3.571428571428571,10.064935064935066,7.467532467532467,6.8181818181818175,4.545454545454546,5.844155844155844,5.51948051948052,5.51948051948052,4.870129870129871,4.870129870129871,2.922077922077922,7.792207792207792,3.2467532467532463
E00159976,199,1,3,1,1,2,2,3,5,3,3,7,9,20,17,36,37,25,24,0.5025125628140703,1.507537688442211,0.5025125628140703,0.5025125628140703,1.0050251256281406,1.0050251256281406,1.507537688442211,2.512562814070352,1.507537688442211,1.507537688442211,3.5175879396984926,4.522613065326634,10.050251256281408,8.542713567839195,18.090452261306535,18.592964824120603,12.562814070351758,12.060301507537687
E00159977,259,4,5,4,3,4,4,6,5,6,9,14,13,21,25,39,28,31,38,1.5444015444015444,1.9305019305019304,1.5444015444015444,1.1583011583011582,1.5444015444015444,1.5444015444015444,2.3166023166023164,1.9305019305019304,2.3166023166023164,3.474903474903475,5.405405405405405,5.019305019305019,8.108108108108109,9.652509652509652,15.057915057915059,10.81081081081081,11.96911196911197,14.671814671814673
E00159978,278,19,25,9,10,11,14,23,28,13,19,20,21,14,10,14,10,11,7,6.83453237410072,8.992805755395683,3.237410071942446,3.5971223021582732,3.9568345323741005,5.0359712230215825,8.273381294964029,10.071942446043165,4.676258992805756,6.83453237410072,7.1942446043165464,7.553956834532374,5.0359712230215825,3.5971223021582732,5.0359712230215825,3.5971223021582732,3.9568345323741005,2.5179856115107913
E00159979,208,10,9,2,4,11,12,9,8,15,6,14,14,15,13,20,7,20,19,4.807692307692308,4.326923076923077,0.9615384615384616,1.9230769230769231,5.288461538461538,5.769230769230769,4.326923076923077,3.8461538461538463,7.211538461538461,2.8846153846153846,6.730769230769231,6.730769230769231,7.211538461538461,6.25,9.615384615384617,3.3653846153846154,9.615384615384617,9.134615384615383
E00159980,269,14,10,12,6,9,20,16,9,17,15,21,26,24,19,20,12,10,9,5.204460966542751,3.717472118959108,4.4609665427509295,2.2304832713754648,3.3457249070631967,7.434944237918216,5.947955390334572,3.3457249070631967,6.319702602230483,5.5762081784386615,7.806691449814126,9.66542750929368,8.921933085501859,7.063197026022305,7.434944237918216,4.4609665427509295,3.717472118959108,3.3457249070631967
E00159981,307,22,27,16,12,14,12,20,24,25,24,23,19,20,14,12,12,8,3,7.166123778501629,8.794788273615636,5.211726384364821,3.908794788273615,4.5602605863192185,3.908794788273615,6.514657980456026,7.81758957654723,8.143322475570033,7.81758957654723,7.491856677524431,6.188925081433225,6.514657980456026,4.5602605863192185,3.908794788273615,3.908794788273615,2.6058631921824107,0.9771986970684038
E00159982,324,17,13,12,19,15,12,23,19,19,22,24,14,28,16,17,21,10,23,5.246913580246913,4.012345679012346,3.7037037037037033,5.864197530864197,4.62962962962963,3.7037037037037033,7.098765432098765,5.864197530864197,5.864197530864197,6.790123456790123,7.4074074074074066,4.320987654320987,8.641975308641975,4.938271604938271,5.246913580246913,6.481481481481481,3.0864197530864197,7.098765432098765
E00159983,255,14,8,12,9,9,11,14,22,11,15,18,16,21,14,24,10,20,7,5.490196078431373,3.1372549019607843,4.705882352941177,3.5294117647058822,3.5294117647058822,4.313725490196078,5.490196078431373,8.627450980392156,4.313725490196078,5.88235294117647,7.0588235294117645,6.2745098039215685,8.235294117647058,5.490196078431373,9.411764705882353,3.9215686274509802,7.8431372549019605,2.7450980392156863
E00159984,328,17,19,24,10,16,18,28,17,20,30,36,23,14,17,20,9,4,6,5.182926829268292,5.7926829268292686,7.317073170731707,3.048780487804878,4.878048780487805,5.487804878048781,8.536585365853659,5.182926829268292,6.097560975609756,9.146341463414634,10.975609756097562,7.01219512195122,4.2682926829268295,5.182926829268292,6.097560975609756,2.7439024390243905,1.2195121951219512,1.8292682926829267
E00159985,252,5,6,8,9,3,11,11,9,9,14,14,13,19,21,33,27,22,18,1.984126984126984,2.380952380952381,3.1746031746031744,3.571428571428571,1.1904761904761905,4.365079365079365,4.365079365079365,3.571428571428571,3.571428571428571,5.555555555555555,5.555555555555555,5.158730158730158,7.5396825396825395,8.333333333333332,13.095238095238097,10.714285714285714,8.73015873015873,7.142857142857142
E00159986,313,13,15,19,7,15,19,24,18,13,12,26,31,26,23,20,11,10,11,4.15335463258786,4.792332268370607,6.070287539936102,2.2364217252396164,4.792332268370607,6.070287539936102,7.667731629392971,5.7507987220447285,4.15335463258786,3.8338658146964857,8.30670926517572,9.904153354632587,8.30670926517572,7.348242811501597,6.3897763578274756,3.5143769968051117,3.1948881789137378,3.5143769968051117
E00159987,281,18,14,6,15,4,12,18,21,20,19,28,24,19,15,27,6,8,7,6.405693950177936,4.98220640569395,2.135231316725979,5.338078291814947,1.4234875444839856,4.270462633451958,6.405693950177936,7.473309608540925,7.11743772241993,6.761565836298933,9.9644128113879,8.540925266903916,6.761565836298933,5.338078291814947,9.608540925266903,2.135231316725979,2.8469750889679712,2.491103202846975
E00159988,309,14,15,11,14,17,10,12,14,22,18,18,25,21,23,27,20,15,13,4.53074433656958,4.854368932038835,3.559870550161812,4.53074433656958,5.501618122977346,3.2362459546925564,3.8834951456310676,4.53074433656958,7.119741100323624,5.825242718446602,5.825242718446602,8.090614886731391,6.796116504854369,7.443365695792881,8.737864077669903,6.472491909385113,4.854368932038835,4.207119741100324
E00159989,305,16,12,9,14,15,29,15,17,16,23,21,23,29,14,14,17,13,8,5.245901639344262,3.934426229508197,2.9508196721311477,4.590163934426229,4.918032786885246,9.508196721311474,4.918032786885246,5.573770491803279,5.245901639344262,7.540983606557377,6.885245901639345,7.540983606557377,9.508196721311474,4.590163934426229,4.590163934426229,5.573770491803279,4.2622950819672125,2.622950819672131
E00159990,297,13,26,11,5,6,10,9,20,16,24,18,13,24,28,24,27,12,11,4.377104377104377,8.754208754208754,3.7037037037037033,1.6835016835016834,2.0202020202020203,3.3670033670033668,3.0303030303030303,6.7340067340067336,5.387205387205387,8.080808080808081,6.0606060606060606,4.377104377104377,8.080808080808081,9.427609427609427,8.080808080808081,9.090909090909092,4.040404040404041,3.7037037037037033
E00159991,213,3,2,3,8,7,14,9,8,5,14,14,19,19,20,18,18,19,13,1.4084507042253522,0.9389671361502347,1.4084507042253522,3.755868544600939,3.286384976525822,6.572769953051644,4.225352112676056,3.755868544600939,2.3474178403755865,6.572769953051644,6.572769953051644,8.92018779342723,8.92018779342723,9.389671361502346,8.450704225352112,8.450704225352112,8.92018779342723,6.103286384976526
E00159992,302,12,17,21,17,14,29,22,25,23,20,24,15,17,14,8,13,8,3,3.9735099337748347,5.629139072847682,6.95364238410596,5.629139072847682,4.635761589403973,9.602649006622517,7.28476821192053,8.27814569536424,7.6158940397351,6.622516556291391,7.9470198675496695,4.966887417218543,5.629139072847682,4.635761589403973,2.6490066225165565,4.304635761589404,2.6490066225165565,0.9933774834437087
E00159993,298,16,14,7,9,15,20,29,19,28,15,21,21,20,15,25,15,6,3,5.369127516778524,4.697986577181208,2.348993288590604,3.0201342281879198,5.033557046979865,6.7114093959731544,9.731543624161073,6.375838926174497,9.395973154362416,5.033557046979865,7.046979865771812,7.046979865771812,6.7114093959731544,5.033557046979865,8.389261744966444,5.033557046979865,2.013422818791946,1.006711409395973
E00159994,314,20,16,15,6,25,21,21,23,11,18,36,22,19,15,24,5,11,6,6.369426751592357,5.095541401273886,4.777070063694268,1.910828025477707,7.961783439490445,6.687898089171974,6.687898089171974,7.32484076433121,3.5031847133757963,5.7324840764331215,11.464968152866243,7.006369426751593,6.050955414012739,4.777070063694268,7.643312101910828,1.5923566878980893,3.5031847133757963,1.910828025477707
E00159995,175,11,11,2,0,7,8,9,16,8,9,13,13,14,13,13,9,4,15,6.2857142857142865,6.2857142857142865,1.1428571428571428,0,4,4.571428571428571,5.142857142857142,9.142857142857142,4.571428571428571,5.142857142857142,7.428571428571429,7.428571428571429,8,7.428571428571429,7.428571428571429,5.142857142857142,2.2857142857142856,8.571428571428571
E00167744,217,14,10,17,4,16,20,24,15,16,15,7,20,13,5,12,4,5,0,6.451612903225806,4.6082949308755765,7.834101382488479,1.8433179723502304,7.373271889400922,9.216589861751153,11.059907834101383,6.912442396313365,7.373271889400922,6.912442396313365,3.225806451612903,9.216589861751153,5.990783410138248,2.3041474654377883,5.529953917050691,1.8433179723502304,2.3041474654377883,0
E00167745,299,19,30,31,8,10,21,17,21,36,38,18,12,8,8,14,3,2,3,6.354515050167224,10.033444816053512,10.367892976588628,2.6755852842809364,3.3444816053511706,7.023411371237458,5.68561872909699,7.023411371237458,12.040133779264215,12.709030100334449,6.0200668896321075,4.013377926421405,2.6755852842809364,2.6755852842809364,4.682274247491638,1.0033444816053512,0.6688963210702341,1.0033444816053512
E00167746,240,10,13,12,15,7,14,9,11,21,24,22,15,19,17,11,5,6,9,4.166666666666666,5.416666666666667,5,6.25,2.9166666666666665,5.833333333333333,3.75,4.583333333333333,8.75,10,9.166666666666666,6.25,7.916666666666666,7.083333333333333,4.583333333333333,2.083333333333333,2.5,3.75
E00167747,216,14,13,10,4,8,15,21,25,24,23,10,13,10,11,10,3,0,2,6.481481481481481,6.018518518518518,4.62962962962963,1.8518518518518516,3.7037037037037033,6.944444444444445,9.722222222222223,11.574074074074074,11.11111111111111,10.648148148148149,4.62962962962963,6.018518518518518,4.62962962962963,5.092592592592593,4.62962962962963,1.3888888888888888,0,0.9259259259259258
E00167748,185,1,0,2,13,9,7,9,8,12,14,15,14,12,18,19,15,6,11,0.5405405405405406,0,1.0810810810810811,7.027027027027027,4.864864864864865,3.783783783783784,4.864864864864865,4.324324324324325,6.486486486486487,7.567567567567568,8.108108108108109,7.567567567567568,6.486486486486487,9.72972972972973,10.27027027027027,8.108108108108109,3.2432432432432434,5.9459459459459465
E00167749,247,14,12,12,7,17,7,15,15,13,27,15,11,16,22,15,16,6,7,5.668016194331984,4.8582995951417,4.8582995951417,2.834008097165992,6.882591093117409,2.834008097165992,6.0728744939271255,6.0728744939271255,5.263157894736842,10.931174089068826,6.0728744939271255,4.4534412955465585,6.477732793522267,8.906882591093117,6.0728744939271255,6.477732793522267,2.42914979757085,2.834008097165992
E00167750,354,21,25,20,9,16,23,34,23,23,22,28,23,18,17,16,12,11,13,5.932203389830509,7.062146892655368,5.649717514124294,2.5423728813559325,4.519774011299435,6.497175141242938,9.6045197740113,6.497175141242938,6.497175141242938,6.214689265536723,7.909604519774012,6.497175141242938,5.084745762711865,4.80225988700565,4.519774011299435,3.389830508474576,3.1073446327683616,3.672316384180791
E00184742,360,13,24,18,14,9,6,8,14,21,23,32,21,17,23,31,27,21,38,3.6111111111111107,6.666666666666667,5,3.888888888888889,2.5,1.6666666666666667,2.2222222222222223,3.888888888888889,5.833333333333333,6.388888888888888,8.88888888888889,5.833333333333333,4.722222222222222,6.388888888888888,8.61111111111111,7.5,5.833333333333333,10.555555555555555
E00184758,178,16,6,1,4,12,35,21,19,16,6,8,6,9,7,5,0,5,2,8.98876404494382,3.3707865168539324,0.5617977528089888,2.247191011235955,6.741573033707865,19.662921348314608,11.797752808988763,10.674157303370785,8.98876404494382,3.3707865168539324,4.49438202247191,3.3707865168539324,5.056179775280898,3.932584269662921,2.8089887640449436,0,2.8089887640449436,1.1235955056179776
E00184776,287,24,17,13,5,16,21,20,15,23,25,22,10,22,15,16,14,3,6,8.362369337979095,5.923344947735192,4.529616724738676,1.7421602787456445,5.574912891986063,7.317073170731707,6.968641114982578,5.2264808362369335,8.013937282229964,8.710801393728223,7.665505226480835,3.484320557491289,7.665505226480835,5.2264808362369335,5.574912891986063,4.878048780487805,1.0452961672473868,2.0905923344947737
E00184788,285,24,26,18,13,11,20,33,21,15,24,19,16,8,12,13,2,4,6,8.421052631578947,9.12280701754386,6.315789473684211,4.56140350877193,3.8596491228070176,7.017543859649122,11.578947368421053,7.368421052631578,5.263157894736842,8.421052631578947,6.666666666666667,5.614035087719298,2.807017543859649,4.2105263157894735,4.56140350877193,0.7017543859649122,1.4035087719298245,2.1052631578947367
E00184813,110,3,4,3,3,6,5,8,13,7,6,10,13,7,7,7,4,2,2,2.727272727272727,3.6363636363636362,2.727272727272727,2.727272727272727,5.454545454545454,4.545454545454546,7.2727272727272725,11.818181818181818,6.363636363636363,5.454545454545454,9.090909090909092,11.818181818181818,6.363636363636363,6.363636363636363,6.363636363636363,3.6363636363636362,1.8181818181818181,1.8181818181818181
