OA,ts0540001,ts0540002,ts0540003,ts0540004,ts0540005,ts0540006,ts0540007,ts0540008,ts0540009,ts0540010,ts0540011,ts0540012,ts0540013,ts0540002_PCT,ts0540003_PCT,ts0540004_PCT,ts0540005_PCT,ts0540006_PCT,ts0540007_PCT,ts0540008_PCT,ts0540009_PCT,ts0540010_PCT,ts0540011_PCT,ts0540012_PCT,ts0540013_PCT
E00142014,163,116,72,44,3,3,12,5,7,32,23,9,0,71.16564417177914,44.171779141104295,26.993865030674847,1.8404907975460123,1.8404907975460123,7.361963190184049,3.067484662576687,4.294478527607362,19.631901840490798,14.11042944785276,5.521472392638037,0
E00142015,174,163,78,85,0,0,2,2,0,9,7,2,0,93.67816091954023,44.827586206896555,48.85057471264368,0,0,1.1494252873563218,1.1494252873563218,0,5.172413793103448,4.022988505747127,1.1494252873563218,0
E00142016,137,121,67,54,1,1,2,2,0,13,9,4,0,88.32116788321169,48.9051094890511,39.416058394160586,0.7299270072992701,0.7299270072992701,1.4598540145985401,1.4598540145985401,0,9.48905109489051,6.569343065693431,2.9197080291970803,0
E00142017,126,103,59,44,0,0,2,0,2,21,17,4,0,81.74603174603175,46.82539682539682,34.92063492063492,0,0,1.5873015873015872,0,1.5873015873015872,16.666666666666664,13.492063492063492,3.1746031746031744,0
E00142018,80,58,34,24,1,1,0,0,0,21,18,3,0,72.5,42.5,30,1.25,1.25,0,0,0,26.25,22.5,3.75,0
E00142019,87,49,25,24,0,0,6,3,3,32,25,7,0,56.32183908045977,28.735632183908045,27.586206896551722,0,0,6.896551724137931,3.4482758620689653,3.4482758620689653,36.7816091954023,28.735632183908045,8.045977011494253,0
E00142020,134,116,52,64,1,1,8,8,0,9,6,3,0,86.56716417910447,38.80597014925373,47.76119402985074,0.7462686567164178,0.7462686567164178,5.970149253731343,5.970149253731343,0,6.7164179104477615,4.477611940298507,2.2388059701492535,0
E00142021,196,182,81,101,1,1,1,0,1,12,9,3,0,92.85714285714286,41.3265306122449,51.53061224489795,0.5102040816326531,0.5102040816326531,0.5102040816326531,0,0.5102040816326531,6.122448979591836,4.591836734693878,1.530612244897959,0
E00142022,125,114,59,55,0,0,2,1,1,9,8,1,0,91.2,47.199999999999996,44,0,0,1.6,0.8,0.8,7.199999999999999,6.4,0.8,0
E00142023,158,118,51,67,0,0,25,19,6,15,15,0,0,74.68354430379746,32.278481012658226,42.405063291139236,0,0,15.822784810126583,12.025316455696203,3.79746835443038,9.49367088607595,9.49367088607595,0,0
E00142025,139,106,56,50,0,0,2,1,1,31,31,0,0,76.2589928057554,40.28776978417266,35.97122302158273,0,0,1.4388489208633095,0.7194244604316548,0.7194244604316548,22.302158273381295,22.302158273381295,0,0
E00142026,143,132,87,45,0,0,1,0,1,10,10,0,0,92.3076923076923,60.83916083916085,31.46853146853147,0,0,0.6993006993006993,0,0.6993006993006993,6.993006993006993,6.993006993006993,0,0
E00142027,152,116,46,70,2,2,10,10,0,24,20,4,0,76.31578947368422,30.263157894736842,46.05263157894737,1.3157894736842104,1.3157894736842104,6.578947368421052,6.578947368421052,0,15.789473684210526,13.157894736842104,2.631578947368421,0
E00142028,130,105,28,77,7,7,1,0,1,17,15,2,0,80.76923076923077,21.53846153846154,59.23076923076923,5.384615384615385,5.384615384615385,0.7692307692307693,0,0.7692307692307693,13.076923076923078,11.538461538461538,1.5384615384615385,0
E00142029,119,78,38,40,0,0,0,0,0,41,38,3,0,65.54621848739495,31.932773109243694,33.61344537815126,0,0,0,0,0,34.45378151260504,31.932773109243694,2.5210084033613445,0
E00142030,164,110,44,66,0,0,36,2,34,18,17,1,0,67.07317073170732,26.82926829268293,40.243902439024396,0,0,21.951219512195124,1.2195121951219512,20.73170731707317,10.975609756097562,10.365853658536585,0.6097560975609756,0
E00142031,136,92,51,41,1,1,15,5,10,28,24,4,0,67.64705882352942,37.5,30.14705882352941,0.7352941176470588,0.7352941176470588,11.029411764705882,3.6764705882352944,7.352941176470589,20.588235294117645,17.647058823529413,2.941176470588235,0
E00142032,137,70,32,38,0,0,32,1,31,35,34,1,0,51.09489051094891,23.357664233576642,27.73722627737226,0,0,23.357664233576642,0.7299270072992701,22.62773722627737,25.547445255474454,24.817518248175183,0.7299270072992701,0
E00142033,192,182,95,87,0,0,0,0,0,10,7,3,0,94.79166666666666,49.47916666666667,45.3125,0,0,0,0,0,5.208333333333334,3.6458333333333335,1.5625,0
E00142034,124,111,55,56,0,0,6,5,1,7,3,4,0,89.51612903225806,44.354838709677416,45.16129032258064,0,0,4.838709677419355,4.032258064516129,0.8064516129032258,5.64516129032258,2.4193548387096775,3.225806451612903,0
E00142035,143,117,71,46,0,0,1,0,1,25,18,7,0,81.81818181818183,49.65034965034965,32.16783216783217,0,0,0.6993006993006993,0,0.6993006993006993,17.482517482517483,12.587412587412588,4.895104895104895,0
E00142036,223,95,49,46,2,2,100,5,95,26,20,6,0,42.600896860986545,21.973094170403588,20.62780269058296,0.8968609865470852,0.8968609865470852,44.843049327354265,2.242152466367713,42.600896860986545,11.659192825112108,8.968609865470851,2.690582959641256,0
E00142037,134,127,85,42,0,0,0,0,0,7,7,0,0,94.77611940298507,63.43283582089553,31.343283582089555,0,0,0,0,0,5.223880597014925,5.223880597014925,0,0
E00142038,157,117,57,60,0,0,1,1,0,39,38,1,0,74.52229299363057,36.30573248407643,38.21656050955414,0,0,0.6369426751592357,0.6369426751592357,0,24.840764331210192,24.203821656050955,0.6369426751592357,0
E00142039,210,169,78,91,6,6,17,9,8,18,13,5,0,80.47619047619048,37.142857142857146,43.333333333333336,2.857142857142857,2.857142857142857,8.095238095238095,4.285714285714286,3.8095238095238098,8.571428571428571,6.190476190476191,2.380952380952381,0
E00142040,159,142,87,55,0,0,4,3,1,13,9,4,0,89.30817610062893,54.71698113207547,34.59119496855346,0,0,2.515723270440252,1.8867924528301887,0.628930817610063,8.176100628930817,5.660377358490567,2.515723270440252,0
E00142041,136,118,79,39,0,0,9,4,5,9,8,1,0,86.76470588235294,58.08823529411765,28.676470588235293,0,0,6.61764705882353,2.941176470588235,3.6764705882352944,6.61764705882353,5.88235294117647,0.7352941176470588,0
E00142042,140,125,68,57,0,0,1,1,0,14,12,2,0,89.28571428571429,48.57142857142857,40.714285714285715,0,0,0.7142857142857143,0.7142857142857143,0,10,8.571428571428571,1.4285714285714286,0
E00142043,135,130,97,33,0,0,0,0,0,5,4,1,0,96.29629629629629,71.85185185185186,24.444444444444443,0,0,0,0,0,3.7037037037037033,2.9629629629629632,0.7407407407407408,0
E00142045,127,113,70,43,1,1,3,3,0,10,6,4,0,88.9763779527559,55.118110236220474,33.85826771653544,0.7874015748031495,0.7874015748031495,2.3622047244094486,2.3622047244094486,0,7.874015748031496,4.724409448818897,3.149606299212598,0
E00142046,115,103,59,44,0,0,3,1,2,9,7,2,0,89.56521739130436,51.30434782608696,38.26086956521739,0,0,2.608695652173913,0.8695652173913043,1.7391304347826086,7.82608695652174,6.086956521739131,1.7391304347826086,0
E00142047,161,145,84,61,1,1,1,0,1,14,10,4,0,90.06211180124224,52.17391304347826,37.88819875776397,0.6211180124223602,0.6211180124223602,0.6211180124223602,0,0.6211180124223602,8.695652173913043,6.211180124223603,2.484472049689441,0
E00142048,196,177,99,78,0,0,8,6,2,11,10,1,0,90.3061224489796,50.51020408163265,39.795918367346935,0,0,4.081632653061225,3.061224489795918,1.0204081632653061,5.612244897959184,5.1020408163265305,0.5102040816326531,0
E00142049,108,99,80,19,0,0,1,0,1,8,5,3,0,91.66666666666666,74.07407407407408,17.59259259259259,0,0,0.9259259259259258,0,0.9259259259259258,7.4074074074074066,4.62962962962963,2.7777777777777777,0
E00142050,132,107,53,54,1,1,2,1,1,22,18,4,0,81.06060606060606,40.15151515151515,40.909090909090914,0.7575757575757576,0.7575757575757576,1.5151515151515151,0.7575757575757576,0.7575757575757576,16.666666666666664,13.636363636363635,3.0303030303030303,0
E00142051,125,85,38,47,0,0,13,9,4,27,24,3,0,68,30.4,37.6,0,0,10.4,7.199999999999999,3.2,21.6,19.2,2.4,0
E00142052,135,114,71,43,2,2,10,8,2,9,6,3,0,84.44444444444444,52.59259259259259,31.851851851851855,1.4814814814814816,1.4814814814814816,7.4074074074074066,5.9259259259259265,1.4814814814814816,6.666666666666667,4.444444444444445,2.2222222222222223,0
E00142053,148,115,44,71,1,1,0,0,0,32,27,5,0,77.7027027027027,29.72972972972973,47.97297297297297,0.6756756756756757,0.6756756756756757,0,0,0,21.62162162162162,18.243243243243242,3.3783783783783785,0
E00142054,148,129,81,48,0,0,6,6,0,13,12,1,0,87.16216216216216,54.729729729729726,32.432432432432435,0,0,4.054054054054054,4.054054054054054,0,8.783783783783784,8.108108108108109,0.6756756756756757,0
E00142055,115,107,69,38,0,0,0,0,0,8,8,0,0,93.04347826086956,60,33.04347826086956,0,0,0,0,0,6.956521739130435,6.956521739130435,0,0
E00142056,119,80,35,45,0,0,12,4,8,27,22,5,0,67.22689075630252,29.411764705882355,37.81512605042017,0,0,10.084033613445378,3.361344537815126,6.722689075630252,22.689075630252102,18.487394957983195,4.201680672268908,0
E00142057,241,192,54,138,9,9,19,0,19,21,17,4,0,79.66804979253112,22.40663900414938,57.26141078838174,3.7344398340248963,3.7344398340248963,7.883817427385892,0,7.883817427385892,8.71369294605809,7.053941908713693,1.6597510373443984,0
E00142058,174,143,75,68,0,0,0,0,0,31,29,2,0,82.18390804597702,43.103448275862064,39.08045977011494,0,0,0,0,0,17.81609195402299,16.666666666666664,1.1494252873563218,0
E00142059,105,61,39,22,0,0,41,41,0,3,3,0,0,58.0952380952381,37.142857142857146,20.952380952380953,0,0,39.04761904761905,39.04761904761905,0,2.857142857142857,2.857142857142857,0,0
E00142060,121,105,56,49,1,1,1,0,1,14,10,4,0,86.77685950413223,46.28099173553719,40.49586776859504,0.8264462809917356,0.8264462809917356,0.8264462809917356,0,0.8264462809917356,11.570247933884298,8.264462809917356,3.3057851239669422,0
E00142061,193,146,62,84,0,0,12,12,0,35,28,7,0,75.64766839378238,32.12435233160622,43.523316062176164,0,0,6.217616580310881,6.217616580310881,0,18.134715025906736,14.507772020725387,3.6269430051813467,0
E00142062,45,41,24,17,0,0,1,1,0,3,2,1,0,91.11111111111111,53.333333333333336,37.77777777777778,0,0,2.2222222222222223,2.2222222222222223,0,6.666666666666667,4.444444444444445,2.2222222222222223,0
E00142063,82,76,34,42,0,0,1,1,0,5,5,0,0,92.6829268292683,41.46341463414634,51.21951219512195,0,0,1.2195121951219512,1.2195121951219512,0,6.097560975609756,6.097560975609756,0,0
E00142064,55,48,22,26,0,0,1,1,0,6,5,1,0,87.27272727272727,40,47.27272727272727,0,0,1.8181818181818181,1.8181818181818181,0,10.909090909090908,9.090909090909092,1.8181818181818181,0
E00142065,126,106,47,59,0,0,3,0,3,17,15,2,0,84.12698412698413,37.301587301587304,46.82539682539682,0,0,2.380952380952381,0,2.380952380952381,13.492063492063492,11.904761904761903,1.5873015873015872,0
E00142066,134,101,52,49,0,0,2,1,1,31,26,5,0,75.3731343283582,38.80597014925373,36.56716417910448,0,0,1.4925373134328357,0.7462686567164178,0.7462686567164178,23.134328358208954,19.402985074626866,3.731343283582089,0
E00142067,134,78,33,45,3,3,41,22,19,12,10,2,0,58.2089552238806,24.62686567164179,33.582089552238806,2.2388059701492535,2.2388059701492535,30.597014925373134,16.417910447761194,14.17910447761194,8.955223880597014,7.462686567164178,1.4925373134328357,0
E00142068,135,121,78,43,0,0,1,1,0,13,11,2,0,89.62962962962962,57.77777777777777,31.851851851851855,0,0,0.7407407407407408,0.7407407407407408,0,9.62962962962963,8.148148148148149,1.4814814814814816,0
E00142069,116,101,60,41,0,0,5,1,4,10,8,2,0,87.06896551724138,51.724137931034484,35.3448275862069,0,0,4.310344827586207,0.8620689655172413,3.4482758620689653,8.620689655172415,6.896551724137931,1.7241379310344827,0
E00142070,62,57,38,19,0,0,2,2,0,3,2,1,0,91.93548387096774,61.29032258064516,30.64516129032258,0,0,3.225806451612903,3.225806451612903,0,4.838709677419355,3.225806451612903,1.6129032258064515,0
E00142072,144,122,73,49,0,0,5,5,0,17,13,4,0,84.72222222222221,50.69444444444444,34.02777777777778,0,0,3.4722222222222223,3.4722222222222223,0,11.805555555555555,9.027777777777777,2.7777777777777777,0
E00142073,211,141,72,69,6,6,31,24,7,32,26,6,1,66.82464454976304,34.12322274881517,32.70142180094787,2.843601895734597,2.843601895734597,14.691943127962084,11.374407582938389,3.3175355450236967,15.165876777251185,12.322274881516588,2.843601895734597,0.47393364928909953
E00142074,100,84,45,39,2,2,6,5,1,8,6,2,0,84,45,39,2,2,6,5,1,8,6,2,0
E00142075,120,87,43,44,0,0,17,12,5,16,12,4,0,72.5,35.833333333333336,36.666666666666664,0,0,14.166666666666666,10,4.166666666666666,13.333333333333334,10,3.3333333333333335,0
E00142076,189,148,81,67,0,0,2,1,1,39,37,2,0,78.3068783068783,42.857142857142854,35.44973544973545,0,0,1.0582010582010581,0.5291005291005291,0.5291005291005291,20.634920634920633,19.576719576719576,1.0582010582010581,0
E00142077,125,110,66,44,0,0,0,0,0,15,9,6,0,88,52.800000000000004,35.199999999999996,0,0,0,0,0,12,7.199999999999999,4.8,0
E00142078,146,125,65,60,3,3,4,3,1,14,11,3,0,85.61643835616438,44.52054794520548,41.0958904109589,2.054794520547945,2.054794520547945,2.73972602739726,2.054794520547945,0.684931506849315,9.58904109589041,7.534246575342466,2.054794520547945,0
E00142079,87,74,41,33,0,0,3,2,1,10,8,2,0,85.0574712643678,47.12643678160919,37.93103448275862,0,0,3.4482758620689653,2.2988505747126435,1.1494252873563218,11.494252873563218,9.195402298850574,2.2988505747126435,0
E00142080,214,173,66,107,2,2,17,5,12,22,19,3,0,80.8411214953271,30.8411214953271,50,0.9345794392523363,0.9345794392523363,7.943925233644859,2.336448598130841,5.607476635514018,10.2803738317757,8.878504672897195,1.4018691588785046,0
E00142082,138,75,32,43,0,0,38,37,1,24,22,2,1,54.347826086956516,23.18840579710145,31.15942028985507,0,0,27.536231884057973,26.811594202898554,0.7246376811594203,17.391304347826086,15.942028985507244,1.4492753623188406,0.7246376811594203
E00142083,134,122,68,54,0,0,4,3,1,8,8,0,0,91.04477611940298,50.74626865671642,40.298507462686565,0,0,2.9850746268656714,2.2388059701492535,0.7462686567164178,5.970149253731343,5.970149253731343,0,0
E00142084,238,179,71,108,2,2,18,8,10,39,32,7,0,75.21008403361344,29.831932773109244,45.378151260504204,0.8403361344537815,0.8403361344537815,7.563025210084033,3.361344537815126,4.201680672268908,16.386554621848738,13.445378151260504,2.941176470588235,0
E00142085,74,64,34,30,0,0,4,4,0,6,5,1,0,86.48648648648648,45.94594594594595,40.54054054054054,0,0,5.405405405405405,5.405405405405405,0,8.108108108108109,6.756756756756757,1.3513513513513513,0
E00142086,47,42,23,19,0,0,3,3,0,2,1,1,0,89.36170212765957,48.93617021276596,40.42553191489361,0,0,6.382978723404255,6.382978723404255,0,4.25531914893617,2.127659574468085,2.127659574468085,0
E00142087,131,101,50,51,0,0,1,0,1,29,22,7,0,77.09923664122137,38.16793893129771,38.93129770992366,0,0,0.7633587786259541,0,0.7633587786259541,22.137404580152673,16.793893129770993,5.343511450381679,0
E00142088,123,67,39,28,0,0,41,39,2,15,10,5,0,54.47154471544715,31.70731707317073,22.76422764227642,0,0,33.33333333333333,31.70731707317073,1.6260162601626018,12.195121951219512,8.130081300813007,4.0650406504065035,0
E00142089,147,125,84,41,0,0,4,4,0,18,13,5,0,85.03401360544217,57.14285714285714,27.89115646258503,0,0,2.7210884353741496,2.7210884353741496,0,12.244897959183673,8.843537414965986,3.4013605442176873,0
E00142090,48,39,17,22,0,0,5,3,2,4,2,2,0,81.25,35.41666666666667,45.83333333333333,0,0,10.416666666666668,6.25,4.166666666666666,8.333333333333332,4.166666666666666,4.166666666666666,0
E00142091,85,77,41,36,0,0,3,3,0,5,3,2,0,90.58823529411765,48.23529411764706,42.35294117647059,0,0,3.5294117647058822,3.5294117647058822,0,5.88235294117647,3.5294117647058822,2.3529411764705883,0
E00142092,51,42,30,12,0,0,0,0,0,9,7,2,0,82.35294117647058,58.82352941176471,23.52941176470588,0,0,0,0,0,17.647058823529413,13.725490196078432,3.9215686274509802,0
E00142093,53,28,12,16,1,1,20,19,1,4,4,0,0,52.83018867924528,22.641509433962266,30.18867924528302,1.8867924528301887,1.8867924528301887,37.735849056603776,35.84905660377358,1.8867924528301887,7.547169811320755,7.547169811320755,0,0
E00142094,193,141,79,62,1,1,20,15,5,31,28,3,0,73.05699481865285,40.932642487046635,32.12435233160622,0.5181347150259068,0.5181347150259068,10.362694300518134,7.772020725388601,2.5906735751295336,16.06217616580311,14.507772020725387,1.5544041450777202,0
E00142095,91,47,20,27,0,0,19,19,0,25,24,1,0,51.64835164835166,21.978021978021978,29.67032967032967,0,0,20.87912087912088,20.87912087912088,0,27.472527472527474,26.373626373626376,1.098901098901099,0
E00142096,183,147,83,64,0,0,17,17,0,19,15,4,0,80.32786885245902,45.3551912568306,34.97267759562842,0,0,9.289617486338798,9.289617486338798,0,10.382513661202186,8.19672131147541,2.185792349726776,0
E00142097,129,97,40,57,0,0,10,10,0,22,19,3,0,75.1937984496124,31.007751937984494,44.18604651162791,0,0,7.751937984496124,7.751937984496124,0,17.05426356589147,14.728682170542637,2.3255813953488373,0
E00142098,124,70,42,28,0,0,45,44,1,9,7,2,0,56.451612903225815,33.87096774193548,22.58064516129032,0,0,36.29032258064516,35.483870967741936,0.8064516129032258,7.258064516129033,5.64516129032258,1.6129032258064515,0
E00142099,157,95,52,43,0,0,38,14,24,24,21,3,0,60.509554140127385,33.12101910828025,27.388535031847134,0,0,24.203821656050955,8.9171974522293,15.286624203821656,15.286624203821656,13.375796178343949,1.910828025477707,0
E00142100,127,77,58,19,0,0,42,42,0,7,3,4,1,60.629921259842526,45.66929133858268,14.960629921259844,0,0,33.07086614173229,33.07086614173229,0,5.511811023622047,2.3622047244094486,3.149606299212598,0.7874015748031495
E00142101,136,129,80,49,0,0,4,2,2,3,1,2,0,94.85294117647058,58.82352941176471,36.029411764705884,0,0,2.941176470588235,1.4705882352941175,1.4705882352941175,2.2058823529411766,0.7352941176470588,1.4705882352941175,0
E00142102,113,89,49,40,2,2,9,9,0,13,11,2,0,78.76106194690266,43.36283185840708,35.39823008849557,1.7699115044247788,1.7699115044247788,7.964601769911504,7.964601769911504,0,11.504424778761061,9.734513274336283,1.7699115044247788,0
E00142103,143,87,42,45,0,0,24,22,2,32,28,4,0,60.83916083916085,29.37062937062937,31.46853146853147,0,0,16.783216783216783,15.384615384615385,1.3986013986013985,22.377622377622377,19.58041958041958,2.797202797202797,0
E00142104,138,125,73,52,2,2,3,3,0,8,6,2,0,90.57971014492753,52.89855072463768,37.68115942028986,1.4492753623188406,1.4492753623188406,2.1739130434782608,2.1739130434782608,0,5.797101449275362,4.3478260869565215,1.4492753623188406,0
E00142105,103,63,41,22,0,0,25,12,13,15,12,3,0,61.165048543689316,39.80582524271845,21.35922330097087,0,0,24.271844660194176,11.650485436893204,12.62135922330097,14.563106796116504,11.650485436893204,2.912621359223301,0
E00142106,108,102,78,24,0,0,1,0,1,5,1,4,0,94.44444444444444,72.22222222222221,22.22222222222222,0,0,0.9259259259259258,0,0.9259259259259258,4.62962962962963,0.9259259259259258,3.7037037037037033,0
E00142107,94,86,52,34,0,0,1,0,1,7,2,5,0,91.48936170212765,55.319148936170215,36.17021276595745,0,0,1.0638297872340425,0,1.0638297872340425,7.446808510638298,2.127659574468085,5.319148936170213,0
E00142109,200,177,86,91,0,0,9,4,5,14,11,3,0,88.5,43,45.5,0,0,4.5,2,2.5,7.000000000000001,5.5,1.5,0
E00142110,128,115,74,41,2,2,2,1,1,9,8,1,0,89.84375,57.8125,32.03125,1.5625,1.5625,1.5625,0.78125,0.78125,7.03125,6.25,0.78125,0
E00142111,142,136,93,43,0,0,0,0,0,6,5,1,0,95.77464788732394,65.49295774647888,30.28169014084507,0,0,0,0,0,4.225352112676056,3.5211267605633805,0.7042253521126761,0
E00142112,144,126,78,48,0,0,10,2,8,8,6,2,0,87.5,54.166666666666664,33.33333333333333,0,0,6.944444444444445,1.3888888888888888,5.555555555555555,5.555555555555555,4.166666666666666,1.3888888888888888,0
E00142113,124,95,65,30,20,20,2,0,2,7,2,5,0,76.61290322580645,52.41935483870967,24.193548387096776,16.129032258064516,16.129032258064516,1.6129032258064515,0,1.6129032258064515,5.64516129032258,1.6129032258064515,4.032258064516129,0
E00142114,119,78,32,46,0,0,28,4,24,13,13,0,0,65.54621848739495,26.89075630252101,38.655462184873954,0,0,23.52941176470588,3.361344537815126,20.168067226890756,10.92436974789916,10.92436974789916,0,0
E00142116,125,105,55,50,2,2,0,0,0,18,17,1,0,84,44,40,1.6,1.6,0,0,0,14.399999999999999,13.600000000000001,0.8,0
E00142117,116,109,68,41,0,0,1,0,1,6,5,1,0,93.96551724137932,58.620689655172406,35.3448275862069,0,0,0.8620689655172413,0,0.8620689655172413,5.172413793103448,4.310344827586207,0.8620689655172413,0
E00142118,140,120,53,67,0,0,0,0,0,20,19,1,0,85.71428571428571,37.857142857142854,47.85714285714286,0,0,0,0,0,14.285714285714285,13.571428571428571,0.7142857142857143,0
E00142119,124,117,77,40,0,0,1,1,0,6,3,3,0,94.35483870967742,62.096774193548384,32.25806451612903,0,0,0.8064516129032258,0.8064516129032258,0,4.838709677419355,2.4193548387096775,2.4193548387096775,0
E00142120,198,167,83,84,8,8,16,2,14,7,6,1,0,84.34343434343434,41.91919191919192,42.42424242424242,4.040404040404041,4.040404040404041,8.080808080808081,1.0101010101010102,7.07070707070707,3.535353535353535,3.0303030303030303,0.5050505050505051,0
E00142122,168,148,70,78,1,1,2,1,1,17,13,4,0,88.09523809523809,41.66666666666667,46.42857142857143,0.5952380952380952,0.5952380952380952,1.1904761904761905,0.5952380952380952,0.5952380952380952,10.119047619047619,7.738095238095238,2.380952380952381,0
E00142123,191,173,95,78,1,1,6,2,4,11,9,2,0,90.57591623036649,49.73821989528796,40.83769633507853,0.5235602094240838,0.5235602094240838,3.1413612565445024,1.0471204188481675,2.094240837696335,5.7591623036649215,4.712041884816754,1.0471204188481675,0
E00142124,108,95,54,41,0,0,1,0,1,12,8,4,0,87.96296296296296,50,37.96296296296296,0,0,0.9259259259259258,0,0.9259259259259258,11.11111111111111,7.4074074074074066,3.7037037037037033,0
E00142125,125,85,43,42,0,0,24,24,0,15,15,0,1,68,34.4,33.6,0,0,19.2,19.2,0,12,12,0,0.8
E00142126,172,148,83,65,1,1,2,2,0,21,17,4,0,86.04651162790698,48.25581395348838,37.7906976744186,0.5813953488372093,0.5813953488372093,1.1627906976744187,1.1627906976744187,0,12.209302325581394,9.883720930232558,2.3255813953488373,0
E00142127,167,135,71,64,0,0,1,1,0,31,23,8,0,80.83832335329342,42.51497005988024,38.32335329341318,0,0,0.5988023952095809,0.5988023952095809,0,18.562874251497004,13.77245508982036,4.790419161676647,0
E00142128,206,181,91,90,1,1,0,0,0,24,19,5,0,87.86407766990291,44.1747572815534,43.689320388349515,0.48543689320388345,0.48543689320388345,0,0,0,11.650485436893204,9.223300970873787,2.4271844660194173,0
E00142129,183,172,76,96,0,0,2,0,2,9,6,3,0,93.98907103825137,41.53005464480874,52.459016393442624,0,0,1.092896174863388,0,1.092896174863388,4.918032786885246,3.278688524590164,1.639344262295082,0
E00142130,122,98,42,56,0,0,2,2,0,22,21,1,0,80.32786885245902,34.42622950819672,45.90163934426229,0,0,1.639344262295082,1.639344262295082,0,18.0327868852459,17.21311475409836,0.819672131147541,0
E00142131,121,78,33,45,0,0,37,16,21,6,5,1,0,64.46280991735537,27.27272727272727,37.1900826446281,0,0,30.57851239669421,13.223140495867769,17.355371900826448,4.958677685950414,4.132231404958678,0.8264462809917356,0
E00142132,143,117,57,60,0,0,1,0,1,25,23,2,0,81.81818181818183,39.86013986013986,41.95804195804196,0,0,0.6993006993006993,0,0.6993006993006993,17.482517482517483,16.083916083916083,1.3986013986013985,0
E00142133,45,37,21,16,1,1,1,1,0,6,5,1,0,82.22222222222221,46.666666666666664,35.55555555555556,2.2222222222222223,2.2222222222222223,2.2222222222222223,2.2222222222222223,0,13.333333333333334,11.11111111111111,2.2222222222222223,0
E00142134,59,42,26,16,0,0,12,2,10,5,5,0,0,71.1864406779661,44.06779661016949,27.11864406779661,0,0,20.33898305084746,3.389830508474576,16.94915254237288,8.47457627118644,8.47457627118644,0,0
E00142135,221,213,123,90,0,0,2,1,1,6,3,3,0,96.38009049773756,55.65610859728507,40.723981900452486,0,0,0.904977375565611,0.4524886877828055,0.4524886877828055,2.7149321266968327,1.3574660633484164,1.3574660633484164,0
E00142136,158,130,69,61,0,0,0,0,0,28,21,7,0,82.27848101265823,43.67088607594937,38.607594936708864,0,0,0,0,0,17.72151898734177,13.291139240506327,4.430379746835443,0
E00142137,154,139,69,70,0,0,4,0,4,11,10,1,0,90.25974025974025,44.8051948051948,45.45454545454545,0,0,2.5974025974025974,0,2.5974025974025974,7.142857142857142,6.493506493506493,0.6493506493506493,0
E00142138,122,77,29,48,0,0,30,28,2,15,14,1,0,63.114754098360656,23.770491803278688,39.34426229508197,0,0,24.59016393442623,22.950819672131146,1.639344262295082,12.295081967213115,11.475409836065573,0.819672131147541,0
E00142139,163,141,62,79,0,0,0,0,0,22,22,0,0,86.50306748466258,38.036809815950924,48.466257668711656,0,0,0,0,0,13.496932515337424,13.496932515337424,0,0
E00142140,144,91,43,48,0,0,41,41,0,12,11,1,0,63.19444444444444,29.86111111111111,33.33333333333333,0,0,28.47222222222222,28.47222222222222,0,8.333333333333332,7.638888888888889,0.6944444444444444,0
E00142141,154,124,67,57,0,0,6,3,3,24,20,4,0,80.51948051948052,43.506493506493506,37.01298701298701,0,0,3.896103896103896,1.948051948051948,1.948051948051948,15.584415584415584,12.987012987012985,2.5974025974025974,0
E00142143,170,132,79,53,0,0,6,2,4,32,27,5,0,77.64705882352942,46.470588235294116,31.176470588235293,0,0,3.5294117647058822,1.1764705882352942,2.3529411764705883,18.823529411764707,15.88235294117647,2.941176470588235,0
E00142144,147,113,70,43,0,0,19,19,0,15,14,1,0,76.87074829931973,47.61904761904761,29.25170068027211,0,0,12.925170068027212,12.925170068027212,0,10.204081632653061,9.523809523809524,0.6802721088435374,0
E00142145,123,110,60,50,0,0,1,1,0,12,11,1,0,89.43089430894308,48.78048780487805,40.65040650406504,0,0,0.8130081300813009,0.8130081300813009,0,9.75609756097561,8.94308943089431,0.8130081300813009,0
E00142146,135,106,57,49,0,0,16,16,0,13,10,3,0,78.51851851851852,42.22222222222222,36.2962962962963,0,0,11.851851851851853,11.851851851851853,0,9.62962962962963,7.4074074074074066,2.2222222222222223,0
E00142147,155,116,35,81,1,1,9,2,7,29,25,4,0,74.83870967741936,22.58064516129032,52.25806451612903,0.6451612903225806,0.6451612903225806,5.806451612903226,1.2903225806451613,4.516129032258064,18.70967741935484,16.129032258064516,2.5806451612903225,0
E00142148,145,122,73,49,0,0,3,3,0,20,15,5,0,84.13793103448276,50.3448275862069,33.793103448275865,0,0,2.0689655172413794,2.0689655172413794,0,13.793103448275861,10.344827586206897,3.4482758620689653,0
E00142149,119,87,50,37,0,0,6,6,0,26,20,6,0,73.10924369747899,42.016806722689076,31.092436974789916,0,0,5.042016806722689,5.042016806722689,0,21.84873949579832,16.80672268907563,5.042016806722689,0
E00142150,136,112,61,51,0,0,9,6,3,15,9,6,0,82.35294117647058,44.85294117647059,37.5,0,0,6.61764705882353,4.411764705882353,2.2058823529411766,11.029411764705882,6.61764705882353,4.411764705882353,0
E00142151,120,108,63,45,0,0,4,2,2,8,8,0,0,90,52.5,37.5,0,0,3.3333333333333335,1.6666666666666667,1.6666666666666667,6.666666666666667,6.666666666666667,0,0
E00142152,123,107,66,41,0,0,3,0,3,13,13,0,0,86.99186991869918,53.65853658536586,33.33333333333333,0,0,2.4390243902439024,0,2.4390243902439024,10.569105691056912,10.569105691056912,0,0
E00142153,84,51,26,25,2,2,5,1,4,26,26,0,0,60.71428571428571,30.952380952380953,29.761904761904763,2.380952380952381,2.380952380952381,5.952380952380952,1.1904761904761905,4.761904761904762,30.952380952380953,30.952380952380953,0,0
E00142154,60,37,23,14,0,0,2,1,1,21,18,3,0,61.66666666666667,38.333333333333336,23.333333333333332,0,0,3.3333333333333335,1.6666666666666667,1.6666666666666667,35,30,5,0
E00142155,169,141,74,67,0,0,8,8,0,20,16,4,0,83.4319526627219,43.786982248520715,39.64497041420118,0,0,4.733727810650888,4.733727810650888,0,11.834319526627219,9.467455621301776,2.366863905325444,0
E00142156,159,148,77,71,0,0,1,1,0,10,9,1,0,93.08176100628931,48.42767295597484,44.65408805031446,0,0,0.628930817610063,0.628930817610063,0,6.289308176100629,5.660377358490567,0.628930817610063,0
E00142157,146,116,66,50,0,0,7,1,6,23,22,1,0,79.45205479452055,45.20547945205479,34.24657534246575,0,0,4.794520547945205,0.684931506849315,4.10958904109589,15.753424657534246,15.068493150684931,0.684931506849315,0
E00142158,159,136,79,57,2,2,2,1,1,19,17,2,0,85.53459119496856,49.685534591194966,35.84905660377358,1.257861635220126,1.257861635220126,1.257861635220126,0.628930817610063,0.628930817610063,11.949685534591195,10.69182389937107,1.257861635220126,0
E00142159,55,52,29,23,0,0,0,0,0,3,1,2,0,94.54545454545455,52.72727272727272,41.81818181818181,0,0,0,0,0,5.454545454545454,1.8181818181818181,3.6363636363636362,0
E00142160,131,110,69,41,4,4,4,2,2,13,8,5,0,83.96946564885496,52.67175572519084,31.297709923664126,3.0534351145038165,3.0534351145038165,3.0534351145038165,1.5267175572519083,1.5267175572519083,9.923664122137405,6.106870229007633,3.816793893129771,0
E00142161,161,139,79,60,1,1,7,1,6,14,12,2,0,86.33540372670807,49.06832298136646,37.267080745341616,0.6211180124223602,0.6211180124223602,4.3478260869565215,0.6211180124223602,3.7267080745341614,8.695652173913043,7.453416149068323,1.2422360248447204,0
E00142162,132,49,21,28,0,0,75,45,30,7,7,0,1,37.121212121212125,15.909090909090908,21.21212121212121,0,0,56.81818181818182,34.090909090909086,22.727272727272727,5.303030303030303,5.303030303030303,0,0.7575757575757576
E00142163,125,109,59,50,0,0,4,4,0,12,12,0,0,87.2,47.199999999999996,40,0,0,3.2,3.2,0,9.6,9.6,0,0
E00142164,170,131,70,61,0,0,12,12,0,25,19,6,2,77.05882352941177,41.17647058823529,35.88235294117647,0,0,7.0588235294117645,7.0588235294117645,0,14.705882352941178,11.176470588235295,3.5294117647058822,1.1764705882352942
E00142165,154,122,86,36,0,0,16,14,2,16,14,2,0,79.22077922077922,55.84415584415584,23.376623376623375,0,0,10.38961038961039,9.090909090909092,1.2987012987012987,10.38961038961039,9.090909090909092,1.2987012987012987,0
E00142166,66,42,23,19,0,0,1,0,1,23,21,2,0,63.63636363636363,34.84848484848485,28.78787878787879,0,0,1.5151515151515151,0,1.5151515151515151,34.84848484848485,31.818181818181817,3.0303030303030303,0
E00142167,245,208,129,79,0,0,6,5,1,31,23,8,0,84.89795918367346,52.6530612244898,32.244897959183675,0,0,2.4489795918367347,2.0408163265306123,0.40816326530612246,12.653061224489795,9.387755102040817,3.2653061224489797,0
E00142168,89,67,37,30,0,0,10,9,1,12,10,2,0,75.28089887640449,41.57303370786517,33.70786516853933,0,0,11.235955056179774,10.112359550561797,1.1235955056179776,13.48314606741573,11.235955056179774,2.247191011235955,0
E00142169,126,111,65,46,0,0,1,0,1,14,13,1,0,88.09523809523809,51.587301587301596,36.507936507936506,0,0,0.7936507936507936,0,0.7936507936507936,11.11111111111111,10.317460317460316,0.7936507936507936,0
E00142170,168,107,37,70,4,4,43,31,12,14,13,1,0,63.69047619047619,22.023809523809522,41.66666666666667,2.380952380952381,2.380952380952381,25.595238095238095,18.452380952380953,7.142857142857142,8.333333333333332,7.738095238095238,0.5952380952380952,0
E00142171,168,135,25,110,6,6,4,1,3,23,17,6,0,80.35714285714286,14.880952380952381,65.47619047619048,3.571428571428571,3.571428571428571,2.380952380952381,0.5952380952380952,1.7857142857142856,13.690476190476192,10.119047619047619,3.571428571428571,0
E00142172,159,144,85,59,2,2,1,1,0,12,11,1,0,90.56603773584906,53.459119496855344,37.10691823899371,1.257861635220126,1.257861635220126,0.628930817610063,0.628930817610063,0,7.547169811320755,6.918238993710692,0.628930817610063,0
E00142173,136,109,67,42,0,0,1,1,0,26,24,2,0,80.14705882352942,49.26470588235294,30.88235294117647,0,0,0.7352941176470588,0.7352941176470588,0,19.11764705882353,17.647058823529413,1.4705882352941175,0
E00142174,131,19,6,13,0,0,103,62,41,9,6,3,0,14.50381679389313,4.580152671755725,9.923664122137405,0,0,78.62595419847328,47.32824427480916,31.297709923664126,6.870229007633588,4.580152671755725,2.2900763358778624,0
E00142175,144,89,40,49,6,6,34,24,10,15,15,0,0,61.80555555555556,27.77777777777778,34.02777777777778,4.166666666666666,4.166666666666666,23.61111111111111,16.666666666666664,6.944444444444445,10.416666666666668,10.416666666666668,0,0
E00142176,75,65,43,22,1,1,3,3,0,6,5,1,0,86.66666666666667,57.333333333333336,29.333333333333332,1.3333333333333335,1.3333333333333335,4,4,0,8,6.666666666666667,1.3333333333333335,0
E00142177,215,106,47,59,0,0,41,2,39,67,63,4,1,49.30232558139535,21.86046511627907,27.44186046511628,0,0,19.069767441860467,0.9302325581395349,18.13953488372093,31.16279069767442,29.30232558139535,1.8604651162790697,0.46511627906976744
E00142178,109,33,15,18,4,4,64,39,25,5,3,2,3,30.275229357798167,13.761467889908257,16.51376146788991,3.669724770642202,3.669724770642202,58.71559633027523,35.77981651376147,22.93577981651376,4.587155963302752,2.7522935779816518,1.834862385321101,2.7522935779816518
E00142179,101,61,24,37,0,0,28,26,2,12,12,0,0,60.396039603960396,23.762376237623762,36.633663366336634,0,0,27.722772277227726,25.742574257425744,1.9801980198019802,11.881188118811881,11.881188118811881,0,0
E00142180,94,14,3,11,0,0,72,28,44,8,8,0,0,14.893617021276595,3.1914893617021276,11.702127659574469,0,0,76.59574468085107,29.78723404255319,46.808510638297875,8.51063829787234,8.51063829787234,0,0
E00142182,115,6,2,4,2,2,59,0,59,48,48,0,0,5.217391304347826,1.7391304347826086,3.4782608695652173,1.7391304347826086,1.7391304347826086,51.30434782608696,0,51.30434782608696,41.73913043478261,41.73913043478261,0,0
E00142183,131,43,17,26,0,0,72,70,2,12,9,3,4,32.82442748091603,12.977099236641221,19.84732824427481,0,0,54.961832061068705,53.43511450381679,1.5267175572519083,9.16030534351145,6.870229007633588,2.2900763358778624,3.0534351145038165
E00142184,145,37,15,22,1,1,58,57,1,47,47,0,2,25.517241379310345,10.344827586206897,15.172413793103448,0.6896551724137931,0.6896551724137931,40,39.310344827586206,0.6896551724137931,32.41379310344827,32.41379310344827,0,1.3793103448275863
E00142185,99,52,21,31,0,0,39,35,4,8,5,3,0,52.52525252525253,21.21212121212121,31.313131313131315,0,0,39.39393939393939,35.35353535353536,4.040404040404041,8.080808080808081,5.05050505050505,3.0303030303030303,0
E00142186,186,44,20,24,4,4,70,6,64,68,65,3,0,23.655913978494624,10.75268817204301,12.903225806451612,2.1505376344086025,2.1505376344086025,37.634408602150536,3.225806451612903,34.40860215053764,36.55913978494624,34.946236559139784,1.6129032258064515,0
E00142187,112,45,16,29,0,0,49,48,1,18,15,3,0,40.17857142857143,14.285714285714285,25.892857142857146,0,0,43.75,42.857142857142854,0.8928571428571428,16.071428571428573,13.392857142857142,2.6785714285714284,0
E00142188,147,50,24,26,0,0,38,30,8,59,55,4,0,34.01360544217687,16.3265306122449,17.687074829931973,0,0,25.850340136054424,20.408163265306122,5.442176870748299,40.136054421768705,37.41496598639456,2.7210884353741496,0
E00142189,108,64,28,36,0,0,24,23,1,19,18,1,1,59.25925925925925,25.925925925925924,33.33333333333333,0,0,22.22222222222222,21.296296296296298,0.9259259259259258,17.59259259259259,16.666666666666664,0.9259259259259258,0.9259259259259258
E00142190,133,48,24,24,1,1,50,7,43,34,30,4,0,36.09022556390977,18.045112781954884,18.045112781954884,0.7518796992481203,0.7518796992481203,37.59398496240601,5.263157894736842,32.33082706766917,25.563909774436087,22.55639097744361,3.007518796992481,0
E00142191,121,83,49,34,1,1,15,15,0,22,20,2,0,68.59504132231406,40.49586776859504,28.09917355371901,0.8264462809917356,0.8264462809917356,12.396694214876034,12.396694214876034,0,18.181818181818183,16.528925619834713,1.6528925619834711,0
E00142192,159,39,17,22,0,0,45,24,21,74,70,4,1,24.528301886792452,10.69182389937107,13.836477987421384,0,0,28.30188679245283,15.09433962264151,13.20754716981132,46.540880503144656,44.0251572327044,2.515723270440252,0.628930817610063
E00142193,140,62,26,36,0,0,5,1,4,73,69,4,0,44.285714285714285,18.571428571428573,25.71428571428571,0,0,3.571428571428571,0.7142857142857143,2.857142857142857,52.142857142857146,49.28571428571429,2.857142857142857,0
E00142194,116,57,30,27,1,1,4,3,1,54,53,1,0,49.137931034482754,25.862068965517242,23.275862068965516,0.8620689655172413,0.8620689655172413,3.4482758620689653,2.586206896551724,0.8620689655172413,46.55172413793103,45.689655172413794,0.8620689655172413,0
E00142195,135,86,49,37,0,0,5,3,2,44,35,9,0,63.70370370370371,36.2962962962963,27.40740740740741,0,0,3.7037037037037033,2.2222222222222223,1.4814814814814816,32.592592592592595,25.925925925925924,6.666666666666667,0
E00142196,119,31,14,17,1,1,76,73,3,9,9,0,2,26.05042016806723,11.76470588235294,14.285714285714285,0.8403361344537815,0.8403361344537815,63.86554621848739,61.34453781512605,2.5210084033613445,7.563025210084033,7.563025210084033,0,1.680672268907563
E00142197,121,35,14,21,1,1,71,32,39,14,14,0,0,28.92561983471074,11.570247933884298,17.355371900826448,0.8264462809917356,0.8264462809917356,58.67768595041323,26.446280991735538,32.231404958677686,11.570247933884298,11.570247933884298,0,0
E00142198,124,33,9,24,0,0,77,63,14,14,13,1,0,26.61290322580645,7.258064516129033,19.35483870967742,0,0,62.096774193548384,50.806451612903224,11.29032258064516,11.29032258064516,10.483870967741936,0.8064516129032258,0
E00142199,130,51,15,36,1,1,65,47,18,13,12,1,0,39.23076923076923,11.538461538461538,27.692307692307693,0.7692307692307693,0.7692307692307693,50,36.15384615384615,13.846153846153847,10,9.230769230769232,0.7692307692307693,0
E00142201,184,126,42,84,6,6,43,32,11,9,7,2,0,68.47826086956522,22.82608695652174,45.65217391304348,3.260869565217391,3.260869565217391,23.369565217391305,17.391304347826086,5.978260869565218,4.891304347826087,3.804347826086957,1.0869565217391304,0
E00142202,188,111,41,70,2,2,49,44,5,25,24,1,1,59.04255319148937,21.808510638297875,37.234042553191486,1.0638297872340425,1.0638297872340425,26.063829787234045,23.404255319148938,2.6595744680851063,13.297872340425531,12.76595744680851,0.5319148936170213,0.5319148936170213
E00142204,163,95,54,41,0,0,4,2,2,64,58,6,0,58.282208588957054,33.12883435582822,25.153374233128833,0,0,2.4539877300613497,1.2269938650306749,1.2269938650306749,39.263803680981596,35.58282208588957,3.6809815950920246,0
E00142205,133,79,30,49,2,2,29,28,1,23,20,3,0,59.3984962406015,22.55639097744361,36.84210526315789,1.5037593984962405,1.5037593984962405,21.804511278195488,21.052631578947366,0.7518796992481203,17.293233082706767,15.037593984962406,2.2556390977443606,0
E00142206,167,152,110,42,0,0,0,0,0,15,11,4,0,91.01796407185628,65.86826347305389,25.149700598802394,0,0,0,0,0,8.982035928143713,6.58682634730539,2.3952095808383236,0
E00142207,131,103,60,43,2,2,14,14,0,12,10,2,0,78.62595419847328,45.80152671755725,32.82442748091603,1.5267175572519083,1.5267175572519083,10.687022900763358,10.687022900763358,0,9.16030534351145,7.633587786259542,1.5267175572519083,0
E00142208,132,122,63,59,0,0,2,1,1,8,5,3,0,92.42424242424242,47.72727272727273,44.696969696969695,0,0,1.5151515151515151,0.7575757575757576,0.7575757575757576,6.0606060606060606,3.787878787878788,2.272727272727273,0
E00142209,129,101,67,34,0,0,7,0,7,21,21,0,0,78.29457364341084,51.93798449612403,26.356589147286826,0,0,5.426356589147287,0,5.426356589147287,16.27906976744186,16.27906976744186,0,0
E00142210,96,77,53,24,0,0,13,12,1,5,3,2,1,80.20833333333334,55.208333333333336,25,0,0,13.541666666666666,12.5,1.0416666666666665,5.208333333333334,3.125,2.083333333333333,1.0416666666666665
E00142211,121,110,64,46,0,0,2,2,0,9,5,4,0,90.9090909090909,52.892561983471076,38.01652892561984,0,0,1.6528925619834711,1.6528925619834711,0,7.43801652892562,4.132231404958678,3.3057851239669422,0
E00142212,141,111,80,31,0,0,2,1,1,28,25,3,0,78.72340425531915,56.73758865248227,21.98581560283688,0,0,1.4184397163120568,0.7092198581560284,0.7092198581560284,19.858156028368796,17.73049645390071,2.127659574468085,0
E00142213,124,116,63,53,0,0,0,0,0,8,5,3,0,93.54838709677419,50.806451612903224,42.74193548387097,0,0,0,0,0,6.451612903225806,4.032258064516129,2.4193548387096775,0
E00142214,123,116,78,38,0,0,1,1,0,6,4,2,0,94.3089430894309,63.41463414634146,30.89430894308943,0,0,0.8130081300813009,0.8130081300813009,0,4.878048780487805,3.2520325203252036,1.6260162601626018,0
E00142215,128,104,62,42,1,1,4,1,3,19,15,4,0,81.25,48.4375,32.8125,0.78125,0.78125,3.125,0.78125,2.34375,14.84375,11.71875,3.125,0
E00142216,128,119,73,46,0,0,2,2,0,7,6,1,0,92.96875,57.03125,35.9375,0,0,1.5625,1.5625,0,5.46875,4.6875,0.78125,0
E00142217,153,93,41,52,6,6,10,2,8,44,39,5,0,60.78431372549019,26.797385620915033,33.98692810457516,3.9215686274509802,3.9215686274509802,6.535947712418301,1.3071895424836601,5.228758169934641,28.75816993464052,25.49019607843137,3.2679738562091507,0
E00142218,136,89,48,41,0,0,30,30,0,17,14,3,0,65.44117647058823,35.294117647058826,30.14705882352941,0,0,22.058823529411764,22.058823529411764,0,12.5,10.294117647058822,2.2058823529411766,0
E00142220,125,109,62,47,0,0,1,0,1,15,12,3,0,87.2,49.6,37.6,0,0,0.8,0,0.8,12,9.6,2.4,0
E00142221,120,67,43,24,0,0,40,39,1,13,13,0,0,55.833333333333336,35.833333333333336,20,0,0,33.33333333333333,32.5,0.8333333333333334,10.833333333333334,10.833333333333334,0,0
E00142222,192,165,68,97,0,0,8,2,6,19,17,2,0,85.9375,35.41666666666667,50.520833333333336,0,0,4.166666666666666,1.0416666666666665,3.125,9.895833333333332,8.854166666666668,1.0416666666666665,0
E00142224,122,102,43,59,6,6,4,0,4,10,7,3,0,83.60655737704919,35.24590163934426,48.36065573770492,4.918032786885246,4.918032786885246,3.278688524590164,0,3.278688524590164,8.19672131147541,5.737704918032787,2.459016393442623,0
E00142226,178,133,72,61,0,0,3,2,1,42,35,7,0,74.71910112359551,40.44943820224719,34.26966292134831,0,0,1.6853932584269662,1.1235955056179776,0.5617977528089888,23.595505617977526,19.662921348314608,3.932584269662921,0
E00142227,115,107,67,40,1,1,2,1,1,5,1,4,0,93.04347826086956,58.26086956521739,34.78260869565217,0.8695652173913043,0.8695652173913043,1.7391304347826086,0.8695652173913043,0.8695652173913043,4.3478260869565215,0.8695652173913043,3.4782608695652173,0
E00142228,163,146,82,64,0,0,1,1,0,16,13,3,0,89.57055214723927,50.306748466257666,39.263803680981596,0,0,0.6134969325153374,0.6134969325153374,0,9.815950920245399,7.975460122699387,1.8404907975460123,0
E00142229,120,114,77,37,1,1,0,0,0,5,5,0,0,95,64.16666666666667,30.833333333333336,0.8333333333333334,0.8333333333333334,0,0,0,4.166666666666666,4.166666666666666,0,0
E00142230,128,65,27,38,1,1,45,43,2,17,12,5,0,50.78125,21.09375,29.6875,0.78125,0.78125,35.15625,33.59375,1.5625,13.28125,9.375,3.90625,0
E00142231,165,82,40,42,0,0,60,28,32,23,21,2,0,49.696969696969695,24.242424242424242,25.454545454545453,0,0,36.36363636363637,16.969696969696972,19.393939393939394,13.939393939393941,12.727272727272727,1.2121212121212122,0
E00142232,131,58,28,30,2,2,51,38,13,20,19,1,0,44.274809160305345,21.374045801526716,22.900763358778626,1.5267175572519083,1.5267175572519083,38.93129770992366,29.00763358778626,9.923664122137405,15.267175572519085,14.50381679389313,0.7633587786259541,0
E00142233,193,149,58,91,4,4,26,16,10,13,11,2,1,77.2020725388601,30.05181347150259,47.15025906735752,2.072538860103627,2.072538860103627,13.471502590673575,8.290155440414509,5.181347150259067,6.7357512953367875,5.699481865284974,1.0362694300518136,0.5181347150259068
E00142234,139,49,31,18,0,0,71,70,1,19,17,2,0,35.25179856115108,22.302158273381295,12.949640287769784,0,0,51.07913669064749,50.35971223021583,0.7194244604316548,13.66906474820144,12.23021582733813,1.4388489208633095,0
E00142235,123,91,41,50,0,0,13,12,1,19,15,4,0,73.98373983739837,33.33333333333333,40.65040650406504,0,0,10.569105691056912,9.75609756097561,0.8130081300813009,15.447154471544716,12.195121951219512,3.2520325203252036,0
E00142236,134,102,75,27,0,0,13,11,2,19,10,9,0,76.11940298507463,55.970149253731336,20.149253731343283,0,0,9.701492537313433,8.208955223880597,1.4925373134328357,14.17910447761194,7.462686567164178,6.7164179104477615,0
E00142237,125,108,81,27,0,0,5,3,2,12,11,1,0,86.4,64.8,21.6,0,0,4,2.4,1.6,9.6,8.799999999999999,0.8,0
E00142238,155,117,69,48,0,0,5,5,0,33,32,1,0,75.48387096774194,44.516129032258064,30.967741935483872,0,0,3.225806451612903,3.225806451612903,0,21.29032258064516,20.64516129032258,0.6451612903225806,0
E00142239,138,87,42,45,0,0,19,18,1,31,29,2,1,63.04347826086957,30.434782608695656,32.608695652173914,0,0,13.768115942028986,13.043478260869565,0.7246376811594203,22.463768115942027,21.014492753623188,1.4492753623188406,0.7246376811594203
E00142240,123,104,57,47,0,0,3,1,2,16,13,3,0,84.5528455284553,46.34146341463415,38.21138211382114,0,0,2.4390243902439024,0.8130081300813009,1.6260162601626018,13.008130081300814,10.569105691056912,2.4390243902439024,0
E00142241,122,82,45,37,0,0,17,17,0,23,17,6,0,67.21311475409836,36.885245901639344,30.327868852459016,0,0,13.934426229508196,13.934426229508196,0,18.852459016393443,13.934426229508196,4.918032786885246,0
E00142242,113,81,38,43,1,1,27,27,0,4,2,2,0,71.68141592920354,33.6283185840708,38.05309734513274,0.8849557522123894,0.8849557522123894,23.893805309734514,23.893805309734514,0,3.5398230088495577,1.7699115044247788,1.7699115044247788,0
E00142243,136,64,22,42,0,0,6,4,2,66,57,9,0,47.05882352941176,16.176470588235293,30.88235294117647,0,0,4.411764705882353,2.941176470588235,1.4705882352941175,48.529411764705884,41.911764705882355,6.61764705882353,0
E00142244,136,86,50,36,1,1,38,37,1,10,10,0,1,63.23529411764706,36.76470588235294,26.47058823529412,0.7352941176470588,0.7352941176470588,27.941176470588236,27.205882352941174,0.7352941176470588,7.352941176470589,7.352941176470589,0,0.7352941176470588
E00142245,129,123,76,47,0,0,0,0,0,6,5,1,0,95.34883720930233,58.91472868217055,36.434108527131784,0,0,0,0,0,4.651162790697675,3.875968992248062,0.7751937984496124,0
E00142246,113,68,35,33,0,0,24,21,3,21,19,2,0,60.17699115044248,30.973451327433626,29.20353982300885,0,0,21.238938053097346,18.58407079646018,2.6548672566371683,18.58407079646018,16.8141592920354,1.7699115044247788,0
E00142247,129,69,27,42,0,0,8,6,2,52,45,7,0,53.48837209302325,20.930232558139537,32.55813953488372,0,0,6.2015503875969,4.651162790697675,1.550387596899225,40.310077519379846,34.883720930232556,5.426356589147287,0
E00142248,129,99,44,55,0,0,6,6,0,24,22,2,0,76.74418604651163,34.10852713178294,42.63565891472868,0,0,4.651162790697675,4.651162790697675,0,18.6046511627907,17.05426356589147,1.550387596899225,0
E00142249,130,50,19,31,0,0,53,53,0,26,23,3,1,38.46153846153847,14.615384615384617,23.846153846153847,0,0,40.76923076923077,40.76923076923077,0,20,17.692307692307693,2.307692307692308,0.7692307692307693
E00142251,129,53,27,26,0,0,67,64,3,7,7,0,2,41.08527131782946,20.930232558139537,20.155038759689923,0,0,51.93798449612403,49.6124031007752,2.3255813953488373,5.426356589147287,5.426356589147287,0,1.550387596899225
E00142252,101,83,40,43,2,2,2,2,0,14,11,3,0,82.17821782178217,39.603960396039604,42.57425742574257,1.9801980198019802,1.9801980198019802,1.9801980198019802,1.9801980198019802,0,13.861386138613863,10.891089108910892,2.9702970297029703,0
E00142253,102,80,45,35,2,2,16,15,1,4,3,1,0,78.43137254901961,44.11764705882353,34.31372549019608,1.9607843137254901,1.9607843137254901,15.686274509803921,14.705882352941178,0.9803921568627451,3.9215686274509802,2.941176470588235,0.9803921568627451,0
E00142254,113,65,38,27,0,0,42,39,3,6,4,2,0,57.52212389380531,33.6283185840708,23.893805309734514,0,0,37.16814159292036,34.51327433628318,2.6548672566371683,5.3097345132743365,3.5398230088495577,1.7699115044247788,0
E00142255,126,100,69,31,0,0,14,13,1,12,7,5,0,79.36507936507937,54.761904761904766,24.6031746031746,0,0,11.11111111111111,10.317460317460316,0.7936507936507936,9.523809523809524,5.555555555555555,3.968253968253968,0
E00142256,124,21,17,4,0,0,96,95,1,5,3,2,2,16.93548387096774,13.709677419354838,3.225806451612903,0,0,77.41935483870968,76.61290322580645,0.8064516129032258,4.032258064516129,2.4193548387096775,1.6129032258064515,1.6129032258064515
E00142257,119,109,75,34,0,0,3,2,1,7,6,1,0,91.59663865546219,63.02521008403361,28.57142857142857,0,0,2.5210084033613445,1.680672268907563,0.8403361344537815,5.88235294117647,5.042016806722689,0.8403361344537815,0
E00142258,133,126,83,43,0,0,1,1,0,6,6,0,0,94.73684210526315,62.40601503759399,32.33082706766917,0,0,0.7518796992481203,0.7518796992481203,0,4.511278195488721,4.511278195488721,0,0
E00142259,129,110,62,48,1,1,4,4,0,14,14,0,0,85.27131782945736,48.06201550387597,37.2093023255814,0.7751937984496124,0.7751937984496124,3.10077519379845,3.10077519379845,0,10.852713178294573,10.852713178294573,0,0
E00142260,169,53,32,21,1,1,73,27,46,42,39,3,0,31.360946745562128,18.93491124260355,12.42603550295858,0.591715976331361,0.591715976331361,43.19526627218935,15.976331360946746,27.218934911242602,24.85207100591716,23.076923076923077,1.7751479289940828,0
E00142261,137,118,68,50,0,0,1,1,0,18,16,2,0,86.13138686131386,49.63503649635037,36.496350364963504,0,0,0.7299270072992701,0.7299270072992701,0,13.138686131386862,11.678832116788321,1.4598540145985401,0
E00142262,108,87,46,41,0,0,0,0,0,21,19,2,0,80.55555555555556,42.592592592592595,37.96296296296296,0,0,0,0,0,19.444444444444446,17.59259259259259,1.8518518518518516,0
E00142263,98,77,51,26,0,0,8,7,1,13,8,5,0,78.57142857142857,52.04081632653062,26.53061224489796,0,0,8.16326530612245,7.142857142857142,1.0204081632653061,13.26530612244898,8.16326530612245,5.1020408163265305,0
E00142264,208,172,103,69,1,1,12,12,0,23,17,6,0,82.6923076923077,49.519230769230774,33.17307692307692,0.4807692307692308,0.4807692307692308,5.769230769230769,5.769230769230769,0,11.057692307692307,8.173076923076923,2.8846153846153846,0
E00142265,113,94,45,49,0,0,4,3,1,15,14,1,0,83.1858407079646,39.823008849557525,43.36283185840708,0,0,3.5398230088495577,2.6548672566371683,0.8849557522123894,13.274336283185843,12.389380530973451,0.8849557522123894,0
E00142266,69,59,37,22,0,0,3,3,0,7,5,2,0,85.5072463768116,53.62318840579711,31.88405797101449,0,0,4.3478260869565215,4.3478260869565215,0,10.144927536231885,7.246376811594203,2.898550724637681,0
E00142267,96,79,42,37,0,0,1,0,1,16,12,4,0,82.29166666666666,43.75,38.54166666666667,0,0,1.0416666666666665,0,1.0416666666666665,16.666666666666664,12.5,4.166666666666666,0
E00142268,166,128,71,57,0,0,12,11,1,26,22,4,0,77.10843373493977,42.77108433734939,34.33734939759036,0,0,7.228915662650602,6.626506024096386,0.6024096385542169,15.66265060240964,13.253012048192772,2.4096385542168677,0
E00142269,180,171,89,82,0,0,0,0,0,9,6,3,0,95,49.44444444444444,45.55555555555556,0,0,0,0,0,5,3.3333333333333335,1.6666666666666667,0
E00142270,172,158,99,59,1,1,7,6,1,6,6,0,0,91.86046511627907,57.55813953488372,34.30232558139535,0.5813953488372093,0.5813953488372093,4.069767441860465,3.488372093023256,0.5813953488372093,3.488372093023256,3.488372093023256,0,0
E00142271,130,114,71,43,0,0,5,5,0,11,9,2,0,87.6923076923077,54.61538461538461,33.07692307692307,0,0,3.8461538461538463,3.8461538461538463,0,8.461538461538462,6.923076923076923,1.5384615384615385,0
E00142272,70,25,13,12,0,0,34,25,9,9,7,2,2,35.714285714285715,18.571428571428573,17.142857142857142,0,0,48.57142857142857,35.714285714285715,12.857142857142856,12.857142857142856,10,2.857142857142857,2.857142857142857
E00142274,78,61,36,25,0,0,6,6,0,11,9,2,0,78.2051282051282,46.15384615384615,32.05128205128205,0,0,7.6923076923076925,7.6923076923076925,0,14.102564102564102,11.538461538461538,2.564102564102564,0
E00142275,154,109,64,45,0,0,23,14,9,22,20,2,0,70.77922077922078,41.55844155844156,29.22077922077922,0,0,14.935064935064934,9.090909090909092,5.844155844155844,14.285714285714285,12.987012987012985,1.2987012987012987,0
E00170111,85,33,5,28,10,10,11,2,9,31,29,2,0,38.82352941176471,5.88235294117647,32.94117647058823,11.76470588235294,11.76470588235294,12.941176470588237,2.3529411764705883,10.588235294117647,36.470588235294116,34.11764705882353,2.3529411764705883,0
E00170112,66,40,9,31,5,5,4,1,3,17,14,3,0,60.60606060606061,13.636363636363635,46.96969696969697,7.575757575757576,7.575757575757576,6.0606060606060606,1.5151515151515151,4.545454545454546,25.757575757575758,21.21212121212121,4.545454545454546,0
E00170113,132,99,25,74,4,4,9,1,8,20,17,3,0,75,18.939393939393938,56.060606060606055,3.0303030303030303,3.0303030303030303,6.8181818181818175,0.7575757575757576,6.0606060606060606,15.151515151515152,12.878787878787879,2.272727272727273,0
E00170114,177,31,24,7,0,0,47,24,23,98,94,4,1,17.51412429378531,13.559322033898304,3.954802259887006,0,0,26.55367231638418,13.559322033898304,12.994350282485875,55.367231638418076,53.10734463276836,2.2598870056497176,0.5649717514124294
E00170115,113,100,37,63,1,1,2,2,0,10,10,0,0,88.49557522123894,32.743362831858406,55.75221238938053,0.8849557522123894,0.8849557522123894,1.7699115044247788,1.7699115044247788,0,8.849557522123893,8.849557522123893,0,0
E00170116,123,108,37,71,3,3,0,0,0,12,11,1,0,87.8048780487805,30.081300813008134,57.72357723577236,2.4390243902439024,2.4390243902439024,0,0,0,9.75609756097561,8.94308943089431,0.8130081300813009,0
E00170117,121,14,1,13,0,0,36,4,32,71,68,3,0,11.570247933884298,0.8264462809917356,10.743801652892563,0,0,29.75206611570248,3.3057851239669422,26.446280991735538,58.67768595041323,56.19834710743802,2.479338842975207,0
E00170118,128,43,12,31,1,1,11,5,6,73,69,4,0,33.59375,9.375,24.21875,0.78125,0.78125,8.59375,3.90625,4.6875,57.03125,53.90625,3.125,0
E00170119,126,74,36,38,1,1,38,34,4,13,12,1,0,58.730158730158735,28.57142857142857,30.158730158730158,0.7936507936507936,0.7936507936507936,30.158730158730158,26.984126984126984,3.1746031746031744,10.317460317460316,9.523809523809524,0.7936507936507936,0
E00170120,146,112,48,64,11,11,14,3,11,9,9,0,0,76.71232876712328,32.87671232876712,43.83561643835616,7.534246575342466,7.534246575342466,9.58904109589041,2.054794520547945,7.534246575342466,6.164383561643835,6.164383561643835,0,0
E00170121,132,102,40,62,2,2,14,6,8,14,10,4,0,77.27272727272727,30.303030303030305,46.96969696969697,1.5151515151515151,1.5151515151515151,10.606060606060606,4.545454545454546,6.0606060606060606,10.606060606060606,7.575757575757576,3.0303030303030303,0
E00189810,129,81,8,73,17,17,25,1,24,6,6,0,0,62.7906976744186,6.2015503875969,56.58914728682171,13.178294573643413,13.178294573643413,19.379844961240313,0.7751937984496124,18.6046511627907,4.651162790697675,4.651162790697675,0,0
E00189814,202,136,49,87,29,29,32,0,32,5,1,4,0,67.32673267326733,24.257425742574256,43.06930693069307,14.356435643564355,14.356435643564355,15.841584158415841,0,15.841584158415841,2.4752475247524752,0.49504950495049505,1.9801980198019802,0
E00189816,84,52,2,50,16,16,15,0,15,1,1,0,0,61.904761904761905,2.380952380952381,59.523809523809526,19.047619047619047,19.047619047619047,17.857142857142858,0,17.857142857142858,1.1904761904761905,1.1904761904761905,0,0
E00189821,86,80,11,69,0,0,1,1,0,5,3,2,0,93.02325581395348,12.790697674418606,80.23255813953489,0,0,1.1627906976744187,1.1627906976744187,0,5.813953488372093,3.488372093023256,2.3255813953488373,0
E00189825,123,66,25,41,9,9,34,6,28,14,12,2,0,53.65853658536586,20.32520325203252,33.33333333333333,7.317073170731707,7.317073170731707,27.64227642276423,4.878048780487805,22.76422764227642,11.38211382113821,9.75609756097561,1.6260162601626018,0
E00189826,43,29,4,25,9,9,3,1,2,2,2,0,0,67.44186046511628,9.30232558139535,58.139534883720934,20.930232558139537,20.930232558139537,6.976744186046512,2.3255813953488373,4.651162790697675,4.651162790697675,4.651162790697675,0,0
E00189829,153,95,12,83,0,0,25,2,23,33,32,1,0,62.091503267973856,7.8431372549019605,54.248366013071895,0,0,16.33986928104575,1.3071895424836601,15.032679738562091,21.568627450980394,20.915032679738562,0.6535947712418301,0
E00189832,146,92,27,65,13,13,37,0,37,4,3,1,0,63.013698630136986,18.493150684931507,44.52054794520548,8.904109589041095,8.904109589041095,25.34246575342466,0,25.34246575342466,2.73972602739726,2.054794520547945,0.684931506849315,0
E00189833,108,87,22,65,8,8,6,2,4,7,7,0,0,80.55555555555556,20.37037037037037,60.18518518518518,7.4074074074074066,7.4074074074074066,5.555555555555555,1.8518518518518516,3.7037037037037033,6.481481481481481,6.481481481481481,0,0
E00189834,79,40,11,29,0,0,14,4,10,25,21,4,0,50.63291139240506,13.924050632911392,36.708860759493675,0,0,17.72151898734177,5.063291139240507,12.658227848101266,31.645569620253166,26.582278481012654,5.063291139240507,0
E00189835,230,205,102,103,4,4,3,2,1,18,17,1,0,89.13043478260869,44.34782608695652,44.78260869565218,1.7391304347826086,1.7391304347826086,1.3043478260869565,0.8695652173913043,0.43478260869565216,7.82608695652174,7.391304347826087,0.43478260869565216,0
E00189836,181,124,37,87,8,8,26,2,24,23,18,5,0,68.50828729281768,20.441988950276244,48.06629834254144,4.41988950276243,4.41988950276243,14.3646408839779,1.1049723756906076,13.259668508287293,12.70718232044199,9.94475138121547,2.7624309392265194,0
E00189840,137,111,70,41,0,0,0,0,0,26,24,2,0,81.02189781021897,51.09489051094891,29.927007299270077,0,0,0,0,0,18.97810218978102,17.51824817518248,1.4598540145985401,0
E00189843,121,63,16,47,6,6,43,2,41,9,9,0,0,52.066115702479344,13.223140495867769,38.84297520661157,4.958677685950414,4.958677685950414,35.53719008264463,1.6528925619834711,33.88429752066116,7.43801652892562,7.43801652892562,0,0
E00189848,82,68,52,16,3,3,2,1,1,9,7,2,0,82.92682926829268,63.41463414634146,19.51219512195122,3.6585365853658534,3.6585365853658534,2.4390243902439024,1.2195121951219512,1.2195121951219512,10.975609756097562,8.536585365853659,2.4390243902439024,0
E00189850,92,82,37,45,0,0,8,7,1,2,2,0,0,89.13043478260869,40.21739130434783,48.91304347826087,0,0,8.695652173913043,7.608695652173914,1.0869565217391304,2.1739130434782608,2.1739130434782608,0,0
E00189854,53,45,37,8,0,0,0,0,0,8,6,2,0,84.90566037735849,69.81132075471697,15.09433962264151,0,0,0,0,0,15.09433962264151,11.320754716981133,3.7735849056603774,0
E00189857,247,214,44,170,5,5,21,7,14,7,5,2,0,86.63967611336032,17.813765182186234,68.82591093117408,2.0242914979757085,2.0242914979757085,8.502024291497975,2.834008097165992,5.668016194331984,2.834008097165992,2.0242914979757085,0.8097165991902834,0
E00189860,165,132,41,91,0,0,8,2,6,25,20,5,0,80,24.848484848484848,55.15151515151515,0,0,4.848484848484849,1.2121212121212122,3.6363636363636362,15.151515151515152,12.121212121212121,3.0303030303030303,0
E00189862,75,8,0,8,0,0,54,1,53,13,13,0,0,10.666666666666668,0,10.666666666666668,0,0,72,1.3333333333333335,70.66666666666667,17.333333333333336,17.333333333333336,0,0
E00189869,235,157,42,115,16,16,43,19,24,17,17,0,2,66.80851063829788,17.872340425531917,48.93617021276596,6.808510638297872,6.808510638297872,18.29787234042553,8.085106382978724,10.212765957446807,7.234042553191489,7.234042553191489,0,0.851063829787234
E00189870,81,55,8,47,1,1,9,1,8,16,12,4,0,67.90123456790124,9.876543209876543,58.0246913580247,1.2345679012345678,1.2345679012345678,11.11111111111111,1.2345679012345678,9.876543209876543,19.753086419753085,14.814814814814813,4.938271604938271,0
E00189872,165,132,38,94,0,0,26,14,12,5,5,0,2,80,23.03030303030303,56.96969696969697,0,0,15.757575757575756,8.484848484848486,7.2727272727272725,3.0303030303030303,3.0303030303030303,0,1.2121212121212122
E00189879,62,52,30,22,0,0,5,3,2,5,3,2,0,83.87096774193549,48.38709677419355,35.483870967741936,0,0,8.064516129032258,4.838709677419355,3.225806451612903,8.064516129032258,4.838709677419355,3.225806451612903,0
E00189880,84,21,14,7,0,0,55,51,4,6,6,0,2,25,16.666666666666664,8.333333333333332,0,0,65.47619047619048,60.71428571428571,4.761904761904762,7.142857142857142,7.142857142857142,0,2.380952380952381
E00189881,65,48,7,41,3,3,10,1,9,4,3,1,0,73.84615384615385,10.76923076923077,63.07692307692307,4.615384615384616,4.615384615384616,15.384615384615385,1.5384615384615385,13.846153846153847,6.153846153846154,4.615384615384616,1.5384615384615385,0
E00189885,240,198,56,142,20,20,13,1,12,9,9,0,0,82.5,23.333333333333332,59.166666666666664,8.333333333333332,8.333333333333332,5.416666666666667,0.4166666666666667,5,3.75,3.75,0,0
E00189886,167,67,38,29,4,4,46,14,32,49,48,1,1,40.119760479041915,22.75449101796407,17.365269461077844,2.3952095808383236,2.3952095808383236,27.54491017964072,8.383233532934131,19.16167664670659,29.34131736526946,28.74251497005988,0.5988023952095809,0.5988023952095809
E00189889,92,54,15,39,14,14,16,2,14,8,7,1,0,58.69565217391305,16.304347826086957,42.391304347826086,15.217391304347828,15.217391304347828,17.391304347826086,2.1739130434782608,15.217391304347828,8.695652173913043,7.608695652173914,1.0869565217391304,0
E00189890,207,144,12,132,3,3,32,2,30,28,25,3,0,69.56521739130434,5.797101449275362,63.76811594202898,1.4492753623188406,1.4492753623188406,15.458937198067632,0.966183574879227,14.492753623188406,13.526570048309178,12.077294685990339,1.4492753623188406,0
E00189891,69,20,12,8,0,0,45,37,8,4,3,1,0,28.985507246376812,17.391304347826086,11.594202898550725,0,0,65.21739130434783,53.62318840579711,11.594202898550725,5.797101449275362,4.3478260869565215,1.4492753623188406,0
E00189896,215,142,38,104,14,14,49,8,41,10,9,1,0,66.04651162790698,17.674418604651162,48.372093023255815,6.511627906976744,6.511627906976744,22.790697674418606,3.7209302325581395,19.069767441860467,4.651162790697675,4.186046511627907,0.46511627906976744,0
E00189901,118,83,6,77,7,7,25,1,24,3,3,0,0,70.33898305084746,5.084745762711865,65.2542372881356,5.932203389830509,5.932203389830509,21.1864406779661,0.847457627118644,20.33898305084746,2.5423728813559325,2.5423728813559325,0,0
E00189902,146,138,44,94,2,2,1,1,0,5,3,2,0,94.52054794520548,30.136986301369863,64.38356164383562,1.36986301369863,1.36986301369863,0.684931506849315,0.684931506849315,0,3.4246575342465753,2.054794520547945,1.36986301369863,0
E00189906,171,113,51,62,0,0,21,5,16,37,35,2,0,66.08187134502924,29.82456140350877,36.25730994152047,0,0,12.280701754385964,2.923976608187134,9.35672514619883,21.637426900584796,20.46783625730994,1.1695906432748537,0
E00189909,172,131,17,114,2,2,16,0,16,23,20,3,0,76.16279069767442,9.883720930232558,66.27906976744185,1.1627906976744187,1.1627906976744187,9.30232558139535,0,9.30232558139535,13.372093023255813,11.627906976744185,1.744186046511628,0
E00189912,178,125,17,108,3,3,31,3,28,19,17,2,0,70.2247191011236,9.550561797752808,60.67415730337079,1.6853932584269662,1.6853932584269662,17.415730337078653,1.6853932584269662,15.730337078651685,10.674157303370785,9.550561797752808,1.1235955056179776,0
